-- phpMyAdmin SQL Dump
-- version 5.2.0
-- https://www.phpmyadmin.net/
--
-- Servidor: localhost:3306
-- Temps de generació: 20-12-2022 a les 19:28:46
-- Versió del servidor: 10.6.10-MariaDB-1:10.6.10+maria~ubu2004
-- Versió de PHP: 7.4.30

SET SQL_MODE = "NO_AUTO_VALUE_ON_ZERO";
START TRANSACTION;
SET time_zone = "+00:00";


/*!40101 SET @OLD_CHARACTER_SET_CLIENT=@@CHARACTER_SET_CLIENT */;
/*!40101 SET @OLD_CHARACTER_SET_RESULTS=@@CHARACTER_SET_RESULTS */;
/*!40101 SET @OLD_COLLATION_CONNECTION=@@COLLATION_CONNECTION */;
/*!40101 SET NAMES utf8mb4 */;

--
-- Base de dades: `a21sercandia_leagueOfTrivial`
--

-- --------------------------------------------------------

--
-- Estructura de la taula `challenges`
--

CREATE TABLE `challenges` (
  `idGame` bigint(20) UNSIGNED NOT NULL,
  `idChallenger` bigint(20) UNSIGNED NOT NULL,
  `idChallenged` bigint(20) UNSIGNED NOT NULL,
  `winner` int(11) NOT NULL,
  `created_at` timestamp NULL DEFAULT NULL,
  `updated_at` timestamp NULL DEFAULT NULL
) ENGINE=InnoDB DEFAULT CHARSET=utf8mb4 COLLATE=utf8mb4_unicode_ci;

--
-- Bolcament de dades per a la taula `challenges`
--

INSERT INTO `challenges` (`idGame`, `idChallenger`, `idChallenged`, `winner`, `created_at`, `updated_at`) VALUES
(4, 4, 3, 4, '2022-12-20 15:28:57', '2022-12-20 15:28:57');

-- --------------------------------------------------------

--
-- Estructura de la taula `failed_jobs`
--

CREATE TABLE `failed_jobs` (
  `id` bigint(20) UNSIGNED NOT NULL,
  `uuid` varchar(255) COLLATE utf8mb4_unicode_ci NOT NULL,
  `connection` text COLLATE utf8mb4_unicode_ci NOT NULL,
  `queue` text COLLATE utf8mb4_unicode_ci NOT NULL,
  `payload` longtext COLLATE utf8mb4_unicode_ci NOT NULL,
  `exception` longtext COLLATE utf8mb4_unicode_ci NOT NULL,
  `failed_at` timestamp NOT NULL DEFAULT current_timestamp()
) ENGINE=InnoDB DEFAULT CHARSET=utf8mb4 COLLATE=utf8mb4_unicode_ci;

-- --------------------------------------------------------

--
-- Estructura de la taula `games`
--

CREATE TABLE `games` (
  `id` bigint(20) UNSIGNED NOT NULL,
  `quiz` longtext CHARACTER SET utf8mb4 COLLATE utf8mb4_bin NOT NULL CHECK (json_valid(`quiz`)),
  `difficulty` enum('easy','medium','hard') COLLATE utf8mb4_unicode_ci DEFAULT NULL,
  `category` enum('arts_and_literature','film_and_tv','food_and_drink','general_knowledge','geography','history','music','science','society_and_culture','sport_and_leisure') COLLATE utf8mb4_unicode_ci DEFAULT NULL,
  `type` enum('normal','daily','demo') COLLATE utf8mb4_unicode_ci NOT NULL,
  `date` date NOT NULL DEFAULT current_timestamp(),
  `created_at` timestamp NULL DEFAULT NULL,
  `updated_at` timestamp NULL DEFAULT NULL
) ENGINE=InnoDB DEFAULT CHARSET=utf8mb4 COLLATE=utf8mb4_unicode_ci;

--
-- Bolcament de dades per a la taula `games`
--

INSERT INTO `games` (`id`, `quiz`, `difficulty`, `category`, `type`, `date`, `created_at`, `updated_at`) VALUES
(1, '[\r\n  {\r\n    \"category\": \"Arts & Literature\",\r\n    \"id\": \"622a1c367cc59eab6f950177\",\r\n    \"correctAnswer\": \"Macbeth\",\r\n    \"incorrectAnswers\": [\r\n      \"Hamlet\",\r\n      \"Othello\",\r\n      \"Romeo & Juliette\"\r\n    ],\r\n    \"question\": \"Which Shakespeare play opens with the 3 Witches?\",\r\n    \"tags\": [\r\n      \"arts_and_literature\"\r\n    ],\r\n    \"type\": \"Multiple Choice\",\r\n    \"difficulty\": \"medium\",\r\n    \"regions\": [],\r\n    \"isNiche\": false\r\n  },\r\n  {\r\n    \"category\": \"Arts & Literature\",\r\n    \"id\": \"622a1c397cc59eab6f950e6c\",\r\n    \"correctAnswer\": \"Gabriel García Márquez\",\r\n    \"incorrectAnswers\": [\r\n      \"Ivan Turgenev\",\r\n      \"Søren Kierkegaard\",\r\n      \"Voltaire\"\r\n    ],\r\n    \"question\": \"Which author wrote \'One Hundred Years of Solitude\'?\",\r\n    \"tags\": [\r\n      \"literature\",\r\n      \"arts_and_literature\"\r\n    ],\r\n    \"type\": \"Multiple Choice\",\r\n    \"difficulty\": \"medium\",\r\n    \"regions\": [],\r\n    \"isNiche\": false\r\n  },\r\n  {\r\n    \"category\": \"Film & TV\",\r\n    \"id\": \"622a1c347cc59eab6f94f947\",\r\n    \"correctAnswer\": \"Pirates of the Caribbean\",\r\n    \"incorrectAnswers\": [\r\n      \"The Godfather\",\r\n      \"The Silence of the Lambs\",\r\n      \"The Birds\"\r\n    ],\r\n    \"question\": \"Which film contains the character \'Captain Jack Sparrow\'?\",\r\n    \"tags\": [\r\n      \"fictitious_characters\",\r\n      \"film\",\r\n      \"general_knowledge\",\r\n      \"film_and_tv\"\r\n    ],\r\n    \"type\": \"Multiple Choice\",\r\n    \"difficulty\": \"easy\",\r\n    \"regions\": [],\r\n    \"isNiche\": false\r\n  },\r\n  {\r\n    \"category\": \"Music\",\r\n    \"id\": \"6266bc2aff2394bd44dedffc\",\r\n    \"correctAnswer\": \"Percussion\",\r\n    \"incorrectAnswers\": [\r\n      \"Woodwind\",\r\n      \"Brass\",\r\n      \"Stringed\"\r\n    ],\r\n    \"question\": \"What type of instrument is a cymbal?\",\r\n    \"tags\": [\r\n      \"music\"\r\n    ],\r\n    \"type\": \"Multiple Choice\",\r\n    \"difficulty\": \"medium\",\r\n    \"regions\": [],\r\n    \"isNiche\": false\r\n  },\r\n  {\r\n    \"category\": \"History\",\r\n    \"id\": \"622a1c3c7cc59eab6f951b11\",\r\n    \"correctAnswer\": \"The Crimean War\",\r\n    \"incorrectAnswers\": [\r\n      \"World War II\",\r\n      \"The Vietnam War\",\r\n      \"The Hundred Years War\"\r\n    ],\r\n    \"question\": \"In which war did Florence Nightingale earn her reputation?\",\r\n    \"tags\": [\r\n      \"people\",\r\n      \"wars\",\r\n      \"history\"\r\n    ],\r\n    \"type\": \"Multiple Choice\",\r\n    \"difficulty\": \"hard\",\r\n    \"regions\": [],\r\n    \"isNiche\": false\r\n  },\r\n  {\r\n    \"category\": \"Music\",\r\n    \"id\": \"622a1c357cc59eab6f94fedc\",\r\n    \"correctAnswer\": \"Mariah Carey\",\r\n    \"incorrectAnswers\": [\r\n      \"Drake\",\r\n      \"Nicki Minaj\",\r\n      \"Madonna\"\r\n    ],\r\n    \"question\": \"Which American singer and songwriter released the song \'Emotions\'?\",\r\n    \"tags\": [\r\n      \"songs\",\r\n      \"music\"\r\n    ],\r\n    \"type\": \"Multiple Choice\",\r\n    \"difficulty\": \"hard\",\r\n    \"regions\": [],\r\n    \"isNiche\": false\r\n  },\r\n  {\r\n    \"category\": \"Music\",\r\n    \"id\": \"622a1c357cc59eab6f94fe7e\",\r\n    \"correctAnswer\": \"Lady Gaga\",\r\n    \"incorrectAnswers\": [\r\n      \"Hikaru Utada\",\r\n      \"Drake\",\r\n      \"Madonna\"\r\n    ],\r\n    \"question\": \"Which American singer, songwriter, and actress released the studio album \'Born This Way\'?\",\r\n    \"tags\": [\r\n      \"songs\",\r\n      \"musicians\",\r\n      \"music\"\r\n    ],\r\n    \"type\": \"Multiple Choice\",\r\n    \"difficulty\": \"hard\",\r\n    \"regions\": [],\r\n    \"isNiche\": false\r\n  },\r\n  {\r\n    \"category\": \"Music\",\r\n    \"id\": \"622a1c397cc59eab6f950c3c\",\r\n    \"correctAnswer\": \"ABBA\",\r\n    \"incorrectAnswers\": [\r\n      \"The Beach Boys\",\r\n      \"Atomic Kitten\",\r\n      \"Spice Girls\"\r\n    ],\r\n    \"question\": \"Which pop group released the album \'Voulez-Vous\'?\",\r\n    \"tags\": [\r\n      \"pop_music\",\r\n      \"music\"\r\n    ],\r\n    \"type\": \"Multiple Choice\",\r\n    \"difficulty\": \"hard\",\r\n    \"regions\": [],\r\n    \"isNiche\": false\r\n  },\r\n  {\r\n    \"category\": \"History\",\r\n    \"id\": \"622a1c367cc59eab6f950311\",\r\n    \"correctAnswer\": \"Napoleon\",\r\n    \"incorrectAnswers\": [\r\n      \"Hitler\",\r\n      \"Genghis Khan\",\r\n      \"Charlemagne\"\r\n    ],\r\n    \"question\": \"Whose army did Admiral Nelson defeat at the battle of Trafalgar?\",\r\n    \"tags\": [\r\n      \"battles\",\r\n      \"wars\",\r\n      \"history\"\r\n    ],\r\n    \"type\": \"Multiple Choice\",\r\n    \"difficulty\": \"medium\",\r\n    \"regions\": [],\r\n    \"isNiche\": false\r\n  },\r\n  {\r\n    \"category\": \"Arts & Literature\",\r\n    \"id\": \"622a1c397cc59eab6f950f72\",\r\n    \"correctAnswer\": \"Stephen King\",\r\n    \"incorrectAnswers\": [\r\n      \"H. P. Lovecraft\",\r\n      \"Edgar Allan Poe\",\r\n      \"Jack Vance\"\r\n    ],\r\n    \"question\": \"Which author wrote \'Full Dark, No Stars\'?\",\r\n    \"tags\": [\r\n      \"literature\",\r\n      \"arts_and_literature\"\r\n    ],\r\n    \"type\": \"Multiple Choice\",\r\n    \"difficulty\": \"hard\",\r\n    \"regions\": [],\r\n    \"isNiche\": false\r\n  }\r\n]', NULL, NULL, 'demo', '2022-12-20', NULL, NULL),
(2, '[\r\n  {\r\n    \"category\": \"Film & TV\",\r\n    \"id\": \"622a1c377cc59eab6f9507d7\",\r\n    \"correctAnswer\": \"Morgan Freeman\",\r\n    \"incorrectAnswers\": [\r\n      \"Christopher Lee\",\r\n      \"Liam Neeson\",\r\n      \"Arnold Schwarzenegger\"\r\n    ],\r\n    \"question\": \"Which actor played the role of Lucius Fox in Christopher Nolan\'s Batman trilogy?\",\r\n    \"tags\": [\r\n      \"batman\",\r\n      \"dc\",\r\n      \"comics\",\r\n      \"film\",\r\n      \"acting\",\r\n      \"film_and_tv\"\r\n    ],\r\n    \"type\": \"Multiple Choice\",\r\n    \"difficulty\": \"medium\",\r\n    \"regions\": [],\r\n    \"isNiche\": false\r\n  },\r\n  {\r\n    \"category\": \"Geography\",\r\n    \"id\": \"625e9f93796f721e95543fa7\",\r\n    \"correctAnswer\": \"Portugal\",\r\n    \"incorrectAnswers\": [\r\n      \"Indonesia\",\r\n      \"Czechia\",\r\n      \"Liberia\"\r\n    ],\r\n    \"question\": \"Which country\'s flag can be described as \'Two vertical bands of green  and red with the national coat of arms towards the left.\'?\",\r\n    \"tags\": [\r\n      \"flags\",\r\n      \"geography\"\r\n    ],\r\n    \"type\": \"Multiple Choice\",\r\n    \"difficulty\": \"medium\",\r\n    \"regions\": [],\r\n    \"isNiche\": false\r\n  },\r\n  {\r\n    \"category\": \"Sport & Leisure\",\r\n    \"id\": \"622a1c367cc59eab6f9500c6\",\r\n    \"correctAnswer\": \"5\",\r\n    \"incorrectAnswers\": [\r\n      \"1\",\r\n      \"0\",\r\n      \"3\"\r\n    ],\r\n    \"question\": \"How Many Dice Do You Have In A Backgammon Set?\",\r\n    \"tags\": [\r\n      \"games\"\r\n    ],\r\n    \"type\": \"Multiple Choice\",\r\n    \"difficulty\": \"hard\",\r\n    \"regions\": [],\r\n    \"isNiche\": false\r\n  },\r\n  {\r\n    \"category\": \"Geography\",\r\n    \"id\": \"62374210cb85f7ce9e949da6\",\r\n    \"correctAnswer\": \"Basseterre\",\r\n    \"incorrectAnswers\": [\r\n      \"Manama\",\r\n      \"Podgorica\",\r\n      \"Port-au-Prince\"\r\n    ],\r\n    \"question\": \"What is the capital city of Saint Kitts and Nevis?\",\r\n    \"tags\": [\r\n      \"geography\"\r\n    ],\r\n    \"type\": \"Multiple Choice\",\r\n    \"difficulty\": \"hard\",\r\n    \"regions\": [],\r\n    \"isNiche\": false\r\n  },\r\n  {\r\n    \"category\": \"Film & TV\",\r\n    \"id\": \"625698689da29df7b05f7285\",\r\n    \"correctAnswer\": \"Captain America\",\r\n    \"incorrectAnswers\": [\r\n      \"Thor\",\r\n      \"The Collector\",\r\n      \"Spiderman\"\r\n    ],\r\n    \"question\": \"Chris Evans plays the role of which character in the Marvel Cinematic Unvierse?\",\r\n    \"tags\": [\r\n      \"mcu\",\r\n      \"film\",\r\n      \"acting\",\r\n      \"marvel\",\r\n      \"comics\",\r\n      \"film_and_tv\"\r\n    ],\r\n    \"type\": \"Multiple Choice\",\r\n    \"difficulty\": \"easy\",\r\n    \"regions\": [],\r\n    \"isNiche\": false\r\n  },\r\n  {\r\n    \"category\": \"Science\",\r\n    \"id\": \"622a1c3e7cc59eab6f95224d\",\r\n    \"correctAnswer\": \"Epilepsy\",\r\n    \"incorrectAnswers\": [\r\n      \"Anemia\",\r\n      \"Heart Attack\",\r\n      \"Paralysis\"\r\n    ],\r\n    \"question\": \"In the early 20th century, rattlesnake venom was used to treat which illness?\",\r\n    \"tags\": [\r\n      \"science\",\r\n      \"medicine\",\r\n      \"snakes\"\r\n    ],\r\n    \"type\": \"Multiple Choice\",\r\n    \"difficulty\": \"hard\",\r\n    \"regions\": [],\r\n    \"isNiche\": false\r\n  },\r\n  {\r\n    \"category\": \"Music\",\r\n    \"id\": \"622a1c397cc59eab6f950d91\",\r\n    \"correctAnswer\": \"Red Hot Chili Peppers\",\r\n    \"incorrectAnswers\": [\r\n      \"The Monkees\",\r\n      \"Black Flag\",\r\n      \"Journey\"\r\n    ],\r\n    \"question\": \"Which band includes \'Anthony Kiedis\'?\",\r\n    \"tags\": [\r\n      \"music\"\r\n    ],\r\n    \"type\": \"Multiple Choice\",\r\n    \"difficulty\": \"medium\",\r\n    \"regions\": [],\r\n    \"isNiche\": false\r\n  },\r\n  {\r\n    \"category\": \"Science\",\r\n    \"id\": \"622a1c3a7cc59eab6f951078\",\r\n    \"correctAnswer\": \"Puffin\",\r\n    \"incorrectAnswers\": [\r\n      \"Albatross\",\r\n      \"Penguin\",\r\n      \"Dodo\"\r\n    ],\r\n    \"question\": \"What bird is associated with Lundy Island?\",\r\n    \"tags\": [\r\n      \"science\"\r\n    ],\r\n    \"type\": \"Multiple Choice\",\r\n    \"difficulty\": \"medium\",\r\n    \"regions\": [],\r\n    \"isNiche\": false\r\n  },\r\n  {\r\n    \"category\": \"Arts & Literature\",\r\n    \"id\": \"622a1c347cc59eab6f94fa32\",\r\n    \"correctAnswer\": \"Neoclassicism\",\r\n    \"incorrectAnswers\": [\r\n      \"post-impressionism\",\r\n      \"Mannerism\",\r\n      \"Surrealism\"\r\n    ],\r\n    \"question\": \"The painting \\\"Portrait of Madame Recamier\\\" by Jacques-Louis David is a part of which art movement?\",\r\n    \"tags\": [\r\n      \"art\",\r\n      \"painting\",\r\n      \"arts_and_literature\"\r\n    ],\r\n    \"type\": \"Multiple Choice\",\r\n    \"difficulty\": \"hard\",\r\n    \"regions\": [],\r\n    \"isNiche\": false\r\n  },\r\n  {\r\n    \"category\": \"Geography\",\r\n    \"id\": \"6233853962eaad73716a8c59\",\r\n    \"correctAnswer\": \"The Richter Scale \",\r\n    \"incorrectAnswers\": [\r\n      \"The Geiger Scale\",\r\n      \"The Scoville Scale\",\r\n      \"The Bristol Scale\"\r\n    ],\r\n    \"question\": \"What Scale Is Used To Measure The Intensity Of An Earthquake\",\r\n    \"tags\": [\r\n      \"geology\",\r\n      \"words\",\r\n      \"geography\"\r\n    ],\r\n    \"type\": \"Multiple Choice\",\r\n    \"difficulty\": \"easy\",\r\n    \"regions\": [],\r\n    \"isNiche\": false\r\n  }\r\n]', NULL, NULL, 'daily', '2022-12-20', NULL, NULL),
(3, '[{\"category\":\"Music\",\"id\":\"622a1c397cc59eab6f950c32\",\"correctAnswer\":\"ABBA\",\"incorrectAnswers\":[\"In Flames\",\"HammerFall\",\"Katatonia\"],\"question\":\"Which Swedish pop group released the song \'Money, Money, Money\'?\",\"tags\":[\"music\"],\"type\":\"Multiple Choice\",\"difficulty\":\"easy\",\"regions\":[],\"isNiche\":false,\"done\":false,\"answers\":[{\"text\":\"HammerFall\",\"estat\":false},{\"text\":\"In Flames\",\"estat\":false},{\"text\":\"ABBA\",\"estat\":true},{\"text\":\"Katatonia\",\"estat\":false}]},{\"category\":\"Music\",\"id\":\"622a1c357cc59eab6f94ff2d\",\"correctAnswer\":\"Michael Jackson\",\"incorrectAnswers\":[\"Nicki Minaj\",\"Neil Young\",\"Eric Clapton\"],\"question\":\"Who sung the song \'Smooth Criminal\'?\",\"tags\":[\"songs\",\"musicians\",\"general_knowledge\",\"music\"],\"type\":\"Multiple Choice\",\"difficulty\":\"easy\",\"regions\":[],\"isNiche\":false,\"done\":false,\"answers\":[{\"text\":\"Neil Young\",\"estat\":false},{\"text\":\"Michael Jackson\",\"estat\":true},{\"text\":\"Eric Clapton\",\"estat\":false},{\"text\":\"Nicki Minaj\",\"estat\":false}]},{\"category\":\"Music\",\"id\":\"622a1c397cc59eab6f950dc2\",\"correctAnswer\":\"The Beatles\",\"incorrectAnswers\":[\"Deep Purple\",\"Feeder\",\"Uriah Heep\"],\"question\":\"Which band includes \'Ringo Starr\'?\",\"tags\":[\"music\"],\"type\":\"Multiple Choice\",\"difficulty\":\"easy\",\"regions\":[],\"isNiche\":false,\"done\":false,\"answers\":[{\"text\":\"Deep Purple\",\"estat\":false},{\"text\":\"Feeder\",\"estat\":false},{\"text\":\"The Beatles\",\"estat\":true},{\"text\":\"Uriah Heep\",\"estat\":false}]},{\"category\":\"Music\",\"id\":\"638c77ea01e1a2ef6d1f146e\",\"correctAnswer\":\"Priscilla\",\"incorrectAnswers\":[\"Francesca\",\"Lisa Marie\",\"Glady\"],\"question\":\"What was Elvis Presley\'s wife\'s name?\",\"tags\":[\"elvis_presley\"],\"type\":\"Multiple Choice\",\"difficulty\":\"easy\",\"regions\":[],\"isNiche\":false,\"done\":false,\"answers\":[{\"text\":\"Priscilla\",\"estat\":true},{\"text\":\"Glady\",\"estat\":false},{\"text\":\"Francesca\",\"estat\":false},{\"text\":\"Lisa Marie\",\"estat\":false}]},{\"category\":\"Music\",\"id\":\"622a1c397cc59eab6f950c44\",\"correctAnswer\":\"The Beach Boys\",\"incorrectAnswers\":[\"Swans\",\"The Velvet Underground\",\"Aerosmith\"],\"question\":\"Which American rock band released the song \'Good Vibrations\'?\",\"tags\":[\"music\"],\"type\":\"Multiple Choice\",\"difficulty\":\"easy\",\"regions\":[],\"isNiche\":false,\"done\":false,\"answers\":[{\"text\":\"Swans\",\"estat\":false},{\"text\":\"The Beach Boys\",\"estat\":true},{\"text\":\"The Velvet Underground\",\"estat\":false},{\"text\":\"Aerosmith\",\"estat\":false}]},{\"category\":\"Music\",\"id\":\"622a1c347cc59eab6f94fb8c\",\"correctAnswer\":\"\\\"In da Club\\\" by 50 Cent\",\"incorrectAnswers\":[\"\\\"All Star\\\" by Smash Mouth\",\"\\\"Gimme More\\\" by Britney Spears\",\"\\\"I Write Sins Not Tragedies\\\" by Panic! at the Disco\"],\"question\":\"Which song begins with the lyrics: \\\"Go shawty, it\'s your birthday, we gon\' party like it\'s yo birthday.\\\"?\",\"tags\":[\"songs\",\"lyrics\",\"music\"],\"type\":\"Multiple Choice\",\"difficulty\":\"easy\",\"regions\":[],\"isNiche\":false,\"done\":false,\"answers\":[{\"text\":\"\\\"In da Club\\\" by 50 Cent\",\"estat\":true},{\"text\":\"\\\"All Star\\\" by Smash Mouth\",\"estat\":false},{\"text\":\"\\\"Gimme More\\\" by Britney Spears\",\"estat\":false},{\"text\":\"\\\"I Write Sins Not Tragedies\\\" by Panic! at the Disco\",\"estat\":false}]},{\"category\":\"Music\",\"id\":\"622a1c387cc59eab6f950ba3\",\"correctAnswer\":\"Fleetwood Mac\",\"incorrectAnswers\":[\"W.A.S.P.\",\"Paramore\",\"Alice in Chains\"],\"question\":\"Which British-American rock band released the studio album \'Rumours\'?\",\"tags\":[\"general_knowledge\",\"music\"],\"type\":\"Multiple Choice\",\"difficulty\":\"easy\",\"regions\":[],\"isNiche\":false,\"done\":false,\"answers\":[{\"text\":\"Fleetwood Mac\",\"estat\":true},{\"text\":\"W.A.S.P.\",\"estat\":false},{\"text\":\"Paramore\",\"estat\":false},{\"text\":\"Alice in Chains\",\"estat\":false}]},{\"category\":\"Music\",\"id\":\"622a1c387cc59eab6f950b96\",\"correctAnswer\":\"The Jackson 5\",\"incorrectAnswers\":[\"Poison\",\"Three 6 Mafia\",\"The Velvet Underground\"],\"question\":\"Which American pop music family group released the song \'I Want You Back\'?\",\"tags\":[\"music\"],\"type\":\"Multiple Choice\",\"difficulty\":\"easy\",\"regions\":[],\"isNiche\":false,\"done\":false,\"answers\":[{\"text\":\"The Velvet Underground\",\"estat\":false},{\"text\":\"Three 6 Mafia\",\"estat\":false},{\"text\":\"The Jackson 5\",\"estat\":true},{\"text\":\"Poison\",\"estat\":false}]},{\"category\":\"Music\",\"id\":\"6266bc4eb0e62e469cf43e91\",\"correctAnswer\":\"Stringed\",\"incorrectAnswers\":[\"Brass\",\"Percussion\",\"Woodwind\"],\"question\":\"What type of instrument is a guitar?\",\"tags\":[\"music\"],\"type\":\"Multiple Choice\",\"difficulty\":\"easy\",\"regions\":[],\"isNiche\":false,\"done\":false,\"answers\":[{\"text\":\"Woodwind\",\"estat\":false},{\"text\":\"Stringed\",\"estat\":true},{\"text\":\"Brass\",\"estat\":false},{\"text\":\"Percussion\",\"estat\":false}]},{\"category\":\"Music\",\"id\":\"622a1c347cc59eab6f94fbb1\",\"correctAnswer\":\"\\\"Yo Home to Bel-Air\\\"\",\"incorrectAnswers\":[\"\\\"Bohemian Rhapsody\\\" by Queen\",\"\\\"I\'ll Make a Man Out of You\\\" by Donny Osmond\",\"\\\"In da Club\\\" by 50 Cent\"],\"question\":\"Which song begins with the lyrics: \\\"Now this is the story all about how \\/ My life got flipped, turned upside down...\\\"?\",\"tags\":[\"lyrics\",\"songs\",\"music\"],\"type\":\"Multiple Choice\",\"difficulty\":\"easy\",\"regions\":[],\"isNiche\":false,\"done\":false,\"answers\":[{\"text\":\"\\\"I\'ll Make a Man Out of You\\\" by Donny Osmond\",\"estat\":false},{\"text\":\"\\\"In da Club\\\" by 50 Cent\",\"estat\":false},{\"text\":\"\\\"Bohemian Rhapsody\\\" by Queen\",\"estat\":false},{\"text\":\"\\\"Yo Home to Bel-Air\\\"\",\"estat\":true}]}]', 'easy', 'music', 'normal', '2022-12-20', '2022-12-20 15:04:14', '2022-12-20 15:04:14'),
(4, '[{\"category\":\"Film & TV\",\"id\":\"622a1c347cc59eab6f94fbe0\",\"correctAnswer\":\"\\\"Nobody makes me bleed my own blood. Nobody!\\\"\",\"incorrectAnswers\":[\"\\\"Are you not entertained?\\\"\",\"\\\"I have had it with these mother\\u2014\\u2014 snakes on this mother\\u2014\\u2014 plane!\\\"\",\"\\\"What is this? A center for ants? How can we be expected to teach children to learn how to read\\u2026if they can\\u2019t even fit inside the building?\\\"\"],\"question\":\"Which of these quotes is from the film \'Dodgeball: A True Underdog Story\'?\",\"tags\":[\"quotes\",\"film\",\"film_and_tv\"],\"type\":\"Multiple Choice\",\"difficulty\":\"easy\",\"regions\":[],\"isNiche\":false,\"done\":false,\"answers\":[{\"text\":\"\\\"I have had it with these mother\\u2014\\u2014 snakes on this mother\\u2014\\u2014 plane!\\\"\",\"estat\":false},{\"text\":\"\\\"Are you not entertained?\\\"\",\"estat\":false},{\"text\":\"\\\"Nobody makes me bleed my own blood. Nobody!\\\"\",\"estat\":true},{\"text\":\"\\\"What is this? A center for ants? How can we be expected to teach children to learn how to read\\u2026if they can\\u2019t even fit inside the building?\\\"\",\"estat\":false}]},{\"category\":\"Film & TV\",\"id\":\"62573f079da29df7b05f7383\",\"correctAnswer\":\"A chaotic clown causes a masked vigilante one of his greatest tests.\",\"incorrectAnswers\":[\"A stranger joins forces with a desperado to protect a widow from an assassin.\",\"A woman works with a hardened boxing trainer to become a professional.\",\"A suburban father has a mid-life crisis after becoming infatuated with his daughter\'s friend.\"],\"question\":\"What is the plot of the movie The Dark Knight?\",\"tags\":[\"film\",\"film_and_tv\"],\"type\":\"Multiple Choice\",\"difficulty\":\"easy\",\"regions\":[],\"isNiche\":false,\"done\":false,\"answers\":[{\"text\":\"A chaotic clown causes a masked vigilante one of his greatest tests.\",\"estat\":true},{\"text\":\"A stranger joins forces with a desperado to protect a widow from an assassin.\",\"estat\":false},{\"text\":\"A woman works with a hardened boxing trainer to become a professional.\",\"estat\":false},{\"text\":\"A suburban father has a mid-life crisis after becoming infatuated with his daughter\'s friend.\",\"estat\":false}]},{\"category\":\"Film & TV\",\"id\":\"622a1c377cc59eab6f950713\",\"correctAnswer\":\"Will Smith\",\"incorrectAnswers\":[\"Brian Cox\",\"Ralph Fiennes\",\"Ryan Reynolds\"],\"question\":\"Which actor has starred in films including Suicide Squad and Men in Black?\",\"tags\":[\"acting\",\"film\",\"general_knowledge\",\"film_and_tv\"],\"type\":\"Multiple Choice\",\"difficulty\":\"easy\",\"regions\":[],\"isNiche\":false,\"done\":false,\"answers\":[{\"text\":\"Brian Cox\",\"estat\":false},{\"text\":\"Will Smith\",\"estat\":true},{\"text\":\"Ralph Fiennes\",\"estat\":false},{\"text\":\"Ryan Reynolds\",\"estat\":false}]},{\"category\":\"Film & TV\",\"id\":\"6257413a9da29df7b05f740f\",\"correctAnswer\":\"A kindhearted street urchin and a power-hungry Grand Vizier vie for a magic lamp.\",\"incorrectAnswers\":[\"Simba and his father are targeted by his uncle, who wants to ascend the throne himself.\",\"Two soldiers race to deliver a message that will stop 1,600 men from walking into a deadly trap.\",\"Two grifters team up to pull off the ultimate con.\"],\"question\":\"What is the plot of the movie Aladdin?\",\"tags\":[\"film\",\"film_and_tv\"],\"type\":\"Multiple Choice\",\"difficulty\":\"easy\",\"regions\":[],\"isNiche\":false,\"done\":false,\"answers\":[{\"text\":\"Two grifters team up to pull off the ultimate con.\",\"estat\":false},{\"text\":\"Two soldiers race to deliver a message that will stop 1,600 men from walking into a deadly trap.\",\"estat\":false},{\"text\":\"Simba and his father are targeted by his uncle, who wants to ascend the throne himself.\",\"estat\":false},{\"text\":\"A kindhearted street urchin and a power-hungry Grand Vizier vie for a magic lamp.\",\"estat\":true}]},{\"category\":\"Film & TV\",\"id\":\"622a1c347cc59eab6f94fc0f\",\"correctAnswer\":\"\\\"Take your stinking paws off me, you damned dirty ape.\\\"\",\"incorrectAnswers\":[\"\\\"Mrs. Robinson, you\'re trying to seduce me. Aren\'t you?\\\"\",\"\\\"Toga! Toga!\\\"\",\"\\\"Attica! Attica!\\\"\"],\"question\":\"Which of these quotes is from the film \'Planet of the Apes\'?\",\"tags\":[\"quotes\",\"film\",\"general_knowledge\",\"film_and_tv\"],\"type\":\"Multiple Choice\",\"difficulty\":\"easy\",\"regions\":[],\"isNiche\":false,\"done\":false,\"answers\":[{\"text\":\"\\\"Take your stinking paws off me, you damned dirty ape.\\\"\",\"estat\":true},{\"text\":\"\\\"Mrs. Robinson, you\'re trying to seduce me. Aren\'t you?\\\"\",\"estat\":false},{\"text\":\"\\\"Toga! Toga!\\\"\",\"estat\":false},{\"text\":\"\\\"Attica! Attica!\\\"\",\"estat\":false}]},{\"category\":\"Film & TV\",\"id\":\"625698689da29df7b05f7285\",\"correctAnswer\":\"Captain America\",\"incorrectAnswers\":[\"Thor\",\"The Collector\",\"Spiderman\"],\"question\":\"Chris Evans plays the role of which character in the Marvel Cinematic Unvierse?\",\"tags\":[\"mcu\",\"film\",\"acting\",\"marvel\",\"comics\",\"film_and_tv\"],\"type\":\"Multiple Choice\",\"difficulty\":\"easy\",\"regions\":[],\"isNiche\":false,\"done\":false,\"answers\":[{\"text\":\"The Collector\",\"estat\":false},{\"text\":\"Thor\",\"estat\":false},{\"text\":\"Spiderman\",\"estat\":false},{\"text\":\"Captain America\",\"estat\":true}]},{\"category\":\"Film & TV\",\"id\":\"622a1c377cc59eab6f950710\",\"correctAnswer\":\"Will Smith\",\"incorrectAnswers\":[\"Brian Cox\",\"Ralph Fiennes\",\"Ryan Reynolds\"],\"question\":\"Which actor has featued in films including Men in Black and Enemy of the State?\",\"tags\":[\"film_and_tv\"],\"type\":\"Multiple Choice\",\"difficulty\":\"easy\",\"regions\":[],\"isNiche\":false,\"done\":false,\"answers\":[{\"text\":\"Will Smith\",\"estat\":true},{\"text\":\"Brian Cox\",\"estat\":false},{\"text\":\"Ralph Fiennes\",\"estat\":false},{\"text\":\"Ryan Reynolds\",\"estat\":false}]},{\"category\":\"Film & TV\",\"id\":\"62573f009da29df7b05f7381\",\"correctAnswer\":\"The Matrix\",\"incorrectAnswers\":[\"Pulp Fiction\",\"Forrest Gump\",\"Joker\"],\"question\":\"Name the movie that matches the following plot summary: \'A hacker discovers the life he knows is the elaborate deception of an evil cyber-intelligence.\'\",\"tags\":[\"film\",\"film_and_tv\"],\"type\":\"Multiple Choice\",\"difficulty\":\"easy\",\"regions\":[],\"isNiche\":false,\"done\":false,\"answers\":[{\"text\":\"Pulp Fiction\",\"estat\":false},{\"text\":\"Joker\",\"estat\":false},{\"text\":\"The Matrix\",\"estat\":true},{\"text\":\"Forrest Gump\",\"estat\":false}]},{\"category\":\"Film & TV\",\"id\":\"622a1c377cc59eab6f9507bb\",\"correctAnswer\":\"Clint Eastwood\",\"incorrectAnswers\":[\"Matt Damon\",\"Robert De Niro\",\"Sean Connery\"],\"question\":\"Which actor has featured in films including The Good, the Bad and the Ugly and Million Dollar Baby?\",\"tags\":[\"film\",\"acting\",\"film_and_tv\"],\"type\":\"Multiple Choice\",\"difficulty\":\"easy\",\"regions\":[],\"isNiche\":false,\"done\":false,\"answers\":[{\"text\":\"Sean Connery\",\"estat\":false},{\"text\":\"Clint Eastwood\",\"estat\":true},{\"text\":\"Matt Damon\",\"estat\":false},{\"text\":\"Robert De Niro\",\"estat\":false}]},{\"category\":\"Film & TV\",\"id\":\"625740f69da29df7b05f7405\",\"correctAnswer\":\"Rocky\",\"incorrectAnswers\":[\"Am\\u00e9lie\",\"The Deer Hunter\",\"Schindler\'s List\"],\"question\":\"Name the movie that matches the following plot summary: \'A small-time boxer gets a chance to fight the world heavyweight champion.\'\",\"tags\":[\"film\",\"film_and_tv\"],\"type\":\"Multiple Choice\",\"difficulty\":\"easy\",\"regions\":[],\"isNiche\":false,\"done\":false,\"answers\":[{\"text\":\"Rocky\",\"estat\":true},{\"text\":\"Am\\u00e9lie\",\"estat\":false},{\"text\":\"The Deer Hunter\",\"estat\":false},{\"text\":\"Schindler\'s List\",\"estat\":false}]}]', 'easy', 'film_and_tv', 'normal', '2022-12-20', '2022-12-20 15:05:53', '2022-12-20 15:05:53'),
(5, '[{\"category\":\"General Knowledge\",\"id\":\"622a1c3e7cc59eab6f95224a\",\"correctAnswer\":\"Narcissism\",\"incorrectAnswers\":[\"Greed\",\"Ego\",\"Obsession\"],\"question\":\"In the field of psychiatry, which term means self-love?\",\"tags\":[\"words\",\"psychology\"],\"type\":\"Multiple Choice\",\"difficulty\":\"easy\",\"regions\":[],\"isNiche\":false,\"done\":false,\"answers\":[{\"text\":\"Obsession\",\"estat\":false},{\"text\":\"Greed\",\"estat\":false},{\"text\":\"Narcissism\",\"estat\":true},{\"text\":\"Ego\",\"estat\":false}]},{\"category\":\"General Knowledge\",\"id\":\"622a1c367cc59eab6f9503f9\",\"correctAnswer\":\"Robots\",\"incorrectAnswers\":[\"Aliens\",\"Gods\",\"Wizards\"],\"question\":\"Transformers are ___________ in disguise.\",\"tags\":[\"general_knowledge\"],\"type\":\"Multiple Choice\",\"difficulty\":\"easy\",\"regions\":[],\"isNiche\":false,\"done\":false,\"answers\":[{\"text\":\"Aliens\",\"estat\":false},{\"text\":\"Robots\",\"estat\":true},{\"text\":\"Wizards\",\"estat\":false},{\"text\":\"Gods\",\"estat\":false}]},{\"category\":\"General Knowledge\",\"id\":\"622a1c367cc59eab6f950079\",\"correctAnswer\":\"Washington DC\",\"incorrectAnswers\":[\"New York City\",\"Brussels\",\"Geneva\"],\"question\":\"Where is Capitol Hill?\",\"tags\":[\"places\",\"politics\",\"general_knowledge\"],\"type\":\"Multiple Choice\",\"difficulty\":\"easy\",\"regions\":[],\"isNiche\":false,\"done\":false,\"answers\":[{\"text\":\"New York City\",\"estat\":false},{\"text\":\"Brussels\",\"estat\":false},{\"text\":\"Geneva\",\"estat\":false},{\"text\":\"Washington DC\",\"estat\":true}]},{\"category\":\"General Knowledge\",\"id\":\"622a1c397cc59eab6f950fb3\",\"correctAnswer\":\"Apple\",\"incorrectAnswers\":[\"Microsoft\",\"Google\",\"Linux\"],\"question\":\"Who Make Macintosh Computers?\",\"tags\":[\"technology\",\"business\",\"general_knowledge\"],\"type\":\"Multiple Choice\",\"difficulty\":\"easy\",\"regions\":[],\"isNiche\":false,\"done\":false,\"answers\":[{\"text\":\"Linux\",\"estat\":false},{\"text\":\"Apple\",\"estat\":true},{\"text\":\"Google\",\"estat\":false},{\"text\":\"Microsoft\",\"estat\":false}]},{\"category\":\"General Knowledge\",\"id\":\"622a1c377cc59eab6f95045e\",\"correctAnswer\":\"5 Gold Rings\",\"incorrectAnswers\":[\"5 Drummers Drumming\",\"5 Swans a Swimming\",\"5 Lords a Leaping\"],\"question\":\"What Did My True Love Give To Me On The \\\"Fifth\\\" Day Of Christmas\\\"?\",\"tags\":[\"christmas\",\"lyrics\",\"general_knowledge\"],\"type\":\"Multiple Choice\",\"difficulty\":\"easy\",\"regions\":[],\"isNiche\":false,\"done\":false,\"answers\":[{\"text\":\"5 Gold Rings\",\"estat\":true},{\"text\":\"5 Drummers Drumming\",\"estat\":false},{\"text\":\"5 Lords a Leaping\",\"estat\":false},{\"text\":\"5 Swans a Swimming\",\"estat\":false}]},{\"category\":\"General Knowledge\",\"id\":\"622a1c367cc59eab6f950121\",\"correctAnswer\":\"Gold\",\"incorrectAnswers\":[\"Invisible\",\"Dead\",\"Water\"],\"question\":\"What does the \\\"touch of Midas\\\" turn everything?\",\"tags\":[\"mythology\",\"general_knowledge\"],\"type\":\"Multiple Choice\",\"difficulty\":\"easy\",\"regions\":[],\"isNiche\":false,\"done\":false,\"answers\":[{\"text\":\"Gold\",\"estat\":true},{\"text\":\"Water\",\"estat\":false},{\"text\":\"Invisible\",\"estat\":false},{\"text\":\"Dead\",\"estat\":false}]},{\"category\":\"General Knowledge\",\"id\":\"6239f8049129041bf3925cbe\",\"correctAnswer\":\"Bravo\",\"incorrectAnswers\":[\"Boot\",\"Ball\",\"Baby\"],\"question\":\"What word is used in the NATO Phonetic Alphabet for the letter B?\",\"tags\":[\"words\",\"general_knowledge\"],\"type\":\"Multiple Choice\",\"difficulty\":\"easy\",\"regions\":[],\"isNiche\":false,\"done\":false,\"answers\":[{\"text\":\"Bravo\",\"estat\":true},{\"text\":\"Baby\",\"estat\":false},{\"text\":\"Boot\",\"estat\":false},{\"text\":\"Ball\",\"estat\":false}]},{\"category\":\"General Knowledge\",\"id\":\"63951fffe55fa75b149597b7\",\"correctAnswer\":\"Orange\",\"incorrectAnswers\":[\"Red\",\"Blue\",\"Purple\"],\"question\":\"What colour do you get when you mix yellow with red?\",\"tags\":[\"colours\",\"general_knowledge\"],\"type\":\"Multiple Choice\",\"difficulty\":\"easy\",\"regions\":[],\"isNiche\":false,\"done\":false,\"answers\":[{\"text\":\"Red\",\"estat\":false},{\"text\":\"Orange\",\"estat\":true},{\"text\":\"Purple\",\"estat\":false},{\"text\":\"Blue\",\"estat\":false}]},{\"category\":\"General Knowledge\",\"id\":\"6239f8019129041bf3925cbd\",\"correctAnswer\":\"Alpha\",\"incorrectAnswers\":[\"Apple\",\"Animal\",\"Aeroplan\"],\"question\":\"What word is used in the NATO Phonetic Alphabet for the letter A?\",\"tags\":[\"general_knowledge\"],\"type\":\"Multiple Choice\",\"difficulty\":\"easy\",\"regions\":[],\"isNiche\":false,\"done\":false,\"answers\":[{\"text\":\"Animal\",\"estat\":false},{\"text\":\"Aeroplan\",\"estat\":false},{\"text\":\"Apple\",\"estat\":false},{\"text\":\"Alpha\",\"estat\":true}]},{\"category\":\"General Knowledge\",\"id\":\"622a1c3a7cc59eab6f951067\",\"correctAnswer\":\"Bonsai\",\"incorrectAnswers\":[\"Ornamental Shrubbery\",\"Decorage\",\"Topiary\"],\"question\":\"What is the name given to the art of miniaturising trees and maintaining their small size?\",\"tags\":[\"words\",\"general_knowledge\"],\"type\":\"Multiple Choice\",\"difficulty\":\"easy\",\"regions\":[],\"isNiche\":false,\"done\":false,\"answers\":[{\"text\":\"Ornamental Shrubbery\",\"estat\":false},{\"text\":\"Topiary\",\"estat\":false},{\"text\":\"Bonsai\",\"estat\":true},{\"text\":\"Decorage\",\"estat\":false}]}]', 'easy', 'general_knowledge', 'normal', '2022-12-20', '2022-12-20 15:21:40', '2022-12-20 15:21:40'),
(6, '[{\"category\":\"Sport & Leisure\",\"id\":\"622a1c357cc59eab6f950023\",\"correctAnswer\":\"Boxing\",\"incorrectAnswers\":[\"Rugby\",\"Cricket\",\"Football\"],\"question\":\"With which sport is Muhammad Ali associated?\",\"tags\":[\"sport\",\"people\",\"general_knowledge\"],\"type\":\"Multiple Choice\",\"difficulty\":\"easy\",\"regions\":[],\"isNiche\":false,\"done\":false,\"answers\":[{\"text\":\"Boxing\",\"estat\":true},{\"text\":\"Rugby\",\"estat\":false},{\"text\":\"Cricket\",\"estat\":false},{\"text\":\"Football\",\"estat\":false}]},{\"category\":\"Sport & Leisure\",\"id\":\"622a1c347cc59eab6f94f887\",\"correctAnswer\":\"Baseball\",\"incorrectAnswers\":[\"Volleyball\",\"Boxing\",\"Table tennis\"],\"question\":\"With which sport is Joe DiMaggio associated?\",\"tags\":[\"people\",\"general_knowledge\",\"sport\"],\"type\":\"Multiple Choice\",\"difficulty\":\"easy\",\"regions\":[],\"isNiche\":false,\"done\":false,\"answers\":[{\"text\":\"Boxing\",\"estat\":false},{\"text\":\"Table tennis\",\"estat\":false},{\"text\":\"Volleyball\",\"estat\":false},{\"text\":\"Baseball\",\"estat\":true}]},{\"category\":\"Sport & Leisure\",\"id\":\"622a1c347cc59eab6f94f85b\",\"correctAnswer\":\"Cycling\",\"incorrectAnswers\":[\"Cricket\",\"Gymnastics\",\"Ice Hockey\"],\"question\":\"With which sport is Lance Armstrong associated?\",\"tags\":[\"general_knowledge\",\"sport\"],\"type\":\"Multiple Choice\",\"difficulty\":\"easy\",\"regions\":[],\"isNiche\":false,\"done\":false,\"answers\":[{\"text\":\"Cricket\",\"estat\":false},{\"text\":\"Gymnastics\",\"estat\":false},{\"text\":\"Cycling\",\"estat\":true},{\"text\":\"Ice Hockey\",\"estat\":false}]},{\"category\":\"Sport & Leisure\",\"id\":\"622a1c367cc59eab6f9500a1\",\"correctAnswer\":\"Ice Hockey\",\"incorrectAnswers\":[\"American Football\",\"Basketball\",\"Tennis\"],\"question\":\"In which sport is the Canadian Wayne Gretzky an all time great?\",\"tags\":[\"people\",\"sport\",\"general_knowledge\"],\"type\":\"Multiple Choice\",\"difficulty\":\"easy\",\"regions\":[],\"isNiche\":false,\"done\":false,\"answers\":[{\"text\":\"Basketball\",\"estat\":false},{\"text\":\"Tennis\",\"estat\":false},{\"text\":\"American Football\",\"estat\":false},{\"text\":\"Ice Hockey\",\"estat\":true}]},{\"category\":\"Sport & Leisure\",\"id\":\"622a1c347cc59eab6f94f875\",\"correctAnswer\":\"Tennis\",\"incorrectAnswers\":[\"Gymnastics\",\"Cycling\",\"Swimming\"],\"question\":\"With which sport is Rafael Nadal associated?\",\"tags\":[\"people\",\"general_knowledge\",\"sport\"],\"type\":\"Multiple Choice\",\"difficulty\":\"easy\",\"regions\":[],\"isNiche\":false,\"done\":false,\"answers\":[{\"text\":\"Swimming\",\"estat\":false},{\"text\":\"Cycling\",\"estat\":false},{\"text\":\"Gymnastics\",\"estat\":false},{\"text\":\"Tennis\",\"estat\":true}]},{\"category\":\"Sport & Leisure\",\"id\":\"622a1c347cc59eab6f94f8a9\",\"correctAnswer\":\"Football\",\"incorrectAnswers\":[\"Cycling\",\"Hockey\",\"Skiing\"],\"question\":\"With which sport is Diego Maradona associated?\",\"tags\":[\"people\",\"general_knowledge\",\"sport\"],\"type\":\"Multiple Choice\",\"difficulty\":\"easy\",\"regions\":[],\"isNiche\":false,\"done\":false,\"answers\":[{\"text\":\"Hockey\",\"estat\":false},{\"text\":\"Cycling\",\"estat\":false},{\"text\":\"Skiing\",\"estat\":false},{\"text\":\"Football\",\"estat\":true}]},{\"category\":\"Sport & Leisure\",\"id\":\"62c92076a218dd4dc1ca17da\",\"correctAnswer\":\"Love\",\"incorrectAnswers\":[\"Egg\",\"Zilch\",\"Nil\"],\"question\":\"What word is used for a score of 0 in a game of tennis?\",\"tags\":[\"sport\",\"tennis\",\"words\"],\"type\":\"Multiple Choice\",\"difficulty\":\"easy\",\"regions\":[],\"isNiche\":false,\"done\":false,\"answers\":[{\"text\":\"Love\",\"estat\":true},{\"text\":\"Egg\",\"estat\":false},{\"text\":\"Nil\",\"estat\":false},{\"text\":\"Zilch\",\"estat\":false}]},{\"category\":\"Sport & Leisure\",\"id\":\"622a1c347cc59eab6f94f8ca\",\"correctAnswer\":\"Athletics\",\"incorrectAnswers\":[\"Snooker\",\"Motor racing\",\"Ice Hockey\"],\"question\":\"With which sport is Usain Bolt associated?\",\"tags\":[\"people\",\"general_knowledge\",\"sport\"],\"type\":\"Multiple Choice\",\"difficulty\":\"easy\",\"regions\":[],\"isNiche\":false,\"done\":false,\"answers\":[{\"text\":\"Ice Hockey\",\"estat\":false},{\"text\":\"Athletics\",\"estat\":true},{\"text\":\"Snooker\",\"estat\":false},{\"text\":\"Motor racing\",\"estat\":false}]},{\"category\":\"Sport & Leisure\",\"id\":\"62417ce60f96c4efe8d77390\",\"correctAnswer\":\"Chicago Bulls\",\"incorrectAnswers\":[\"Chicago Blackhawks\",\"Chicago Flyers\",\"Chicago Nationals\"],\"question\":\"Which of these is a basketball team based in Chicago?\",\"tags\":[\"sport\"],\"type\":\"Multiple Choice\",\"difficulty\":\"easy\",\"regions\":[],\"isNiche\":false,\"done\":false,\"answers\":[{\"text\":\"Chicago Flyers\",\"estat\":false},{\"text\":\"Chicago Nationals\",\"estat\":false},{\"text\":\"Chicago Bulls\",\"estat\":true},{\"text\":\"Chicago Blackhawks\",\"estat\":false}]},{\"category\":\"Sport & Leisure\",\"id\":\"622a1c347cc59eab6f94f8ad\",\"correctAnswer\":\"Football\",\"incorrectAnswers\":[\"Track and field\",\"Badminton\",\"Boxing\"],\"question\":\"With which sport is Lionel Messi associated?\",\"tags\":[\"people\",\"general_knowledge\",\"sport\"],\"type\":\"Multiple Choice\",\"difficulty\":\"easy\",\"regions\":[],\"isNiche\":false,\"done\":false,\"answers\":[{\"text\":\"Boxing\",\"estat\":false},{\"text\":\"Track and field\",\"estat\":false},{\"text\":\"Football\",\"estat\":true},{\"text\":\"Badminton\",\"estat\":false}]}]', 'easy', 'sport_and_leisure', 'normal', '2022-12-20', '2022-12-20 16:27:35', '2022-12-20 16:27:35'),
(7, '[{\"category\":\"History\",\"id\":\"6398983b5c9a75021f310467\",\"correctAnswer\":\"Adolf Hitler\",\"incorrectAnswers\":[\"Benito Mussolini\",\"Joseph Stalin\",\"Winston Churchill\"],\"question\":\"Who was the leader of Nazi Germany during World War II?\",\"tags\":[\"history\",\"world_war_2\",\"wars\",\"people\",\"germany\",\"general_knowledge\"],\"type\":\"Multiple Choice\",\"difficulty\":\"easy\",\"regions\":[],\"isNiche\":false,\"done\":false,\"answers\":[{\"text\":\"Adolf Hitler\",\"estat\":true},{\"text\":\"Winston Churchill\",\"estat\":false},{\"text\":\"Joseph Stalin\",\"estat\":false},{\"text\":\"Benito Mussolini\",\"estat\":false}]},{\"category\":\"History\",\"id\":\"622a1c3c7cc59eab6f951919\",\"correctAnswer\":\"Writing a diary about her hide from the Germans in WW2\",\"incorrectAnswers\":[\"Winning a nobel prize for her research into radioactivity\",\"Being the first woman to be elected to a head of state position\",\"Being the first woman in space\"],\"question\":\"What was Anne Frank famous for?\",\"tags\":[\"people\",\"history\"],\"type\":\"Multiple Choice\",\"difficulty\":\"easy\",\"regions\":[],\"isNiche\":false,\"done\":false,\"answers\":[{\"text\":\"Being the first woman in space\",\"estat\":false},{\"text\":\"Winning a nobel prize for her research into radioactivity\",\"estat\":false},{\"text\":\"Writing a diary about her hide from the Germans in WW2\",\"estat\":true},{\"text\":\"Being the first woman to be elected to a head of state position\",\"estat\":false}]},{\"category\":\"History\",\"id\":\"622a1c347cc59eab6f94f9c0\",\"correctAnswer\":\"Donald J. Trump\",\"incorrectAnswers\":[\"Benjamin Harrison\",\"George W. Bush\",\"James Monroe\"],\"question\":\"Who was the 45th president of the USA, in term during the period 2017\\u20132021?\",\"tags\":[\"leaders\",\"presidents\",\"usa\",\"history\"],\"type\":\"Multiple Choice\",\"difficulty\":\"easy\",\"regions\":[],\"isNiche\":false,\"done\":false,\"answers\":[{\"text\":\"Donald J. Trump\",\"estat\":true},{\"text\":\"James Monroe\",\"estat\":false},{\"text\":\"George W. Bush\",\"estat\":false},{\"text\":\"Benjamin Harrison\",\"estat\":false}]},{\"category\":\"History\",\"id\":\"622a1c367cc59eab6f9503fe\",\"correctAnswer\":\"Aqueduct\",\"incorrectAnswers\":[\"Canal\",\"Forum\",\"Arena\"],\"question\":\"What did the Romans build to convey water?\",\"tags\":[\"history\"],\"type\":\"Multiple Choice\",\"difficulty\":\"easy\",\"regions\":[],\"isNiche\":false,\"done\":false,\"answers\":[{\"text\":\"Arena\",\"estat\":false},{\"text\":\"Forum\",\"estat\":false},{\"text\":\"Canal\",\"estat\":false},{\"text\":\"Aqueduct\",\"estat\":true}]},{\"category\":\"History\",\"id\":\"622a1c3c7cc59eab6f951863\",\"correctAnswer\":\"Boston Tea Party\",\"incorrectAnswers\":[\"Houston Tea Party\",\"Atlanta Tea Party\",\"New York Tea Party\"],\"question\":\"What famous tea party took place in 1773?\",\"tags\":[\"usa\",\"revolutions\",\"wars\",\"1700\'s\",\"history\"],\"type\":\"Multiple Choice\",\"difficulty\":\"easy\",\"regions\":[],\"isNiche\":false,\"done\":false,\"answers\":[{\"text\":\"Boston Tea Party\",\"estat\":true},{\"text\":\"Houston Tea Party\",\"estat\":false},{\"text\":\"New York Tea Party\",\"estat\":false},{\"text\":\"Atlanta Tea Party\",\"estat\":false}]},{\"category\":\"History\",\"id\":\"6398984f5c9a75021f310477\",\"correctAnswer\":\"Auschwitz\",\"incorrectAnswers\":[\"Dachau\",\"Buchenwald\",\"Bergen-Belsen\"],\"question\":\"Which of these was a Nazi concentration camp in Poland during World War 2?\",\"tags\":[\"history\",\"world_war_2\",\"wars\",\"poland\",\"places\",\"europe\"],\"type\":\"Multiple Choice\",\"difficulty\":\"easy\",\"regions\":[],\"isNiche\":false,\"done\":false,\"answers\":[{\"text\":\"Bergen-Belsen\",\"estat\":false},{\"text\":\"Buchenwald\",\"estat\":false},{\"text\":\"Dachau\",\"estat\":false},{\"text\":\"Auschwitz\",\"estat\":true}]},{\"category\":\"History\",\"id\":\"622a1c3c7cc59eab6f951abd\",\"correctAnswer\":\"The Titanic\",\"incorrectAnswers\":[\"The Majestic\",\"The Enormous\",\"The Colossus\"],\"question\":\"Which British Liner Sank On Its Maiden Voyage In 1912?\",\"tags\":[\"history\"],\"type\":\"Multiple Choice\",\"difficulty\":\"easy\",\"regions\":[],\"isNiche\":false,\"done\":false,\"answers\":[{\"text\":\"The Colossus\",\"estat\":false},{\"text\":\"The Enormous\",\"estat\":false},{\"text\":\"The Majestic\",\"estat\":false},{\"text\":\"The Titanic\",\"estat\":true}]},{\"category\":\"History\",\"id\":\"622a1c347cc59eab6f94f9c4\",\"correctAnswer\":\"William J. Clinton\",\"incorrectAnswers\":[\"Rutherford B. Hayes\",\"Woodrow Wilson\",\"Dwight Eisenhower\"],\"question\":\"Who was the 42nd president of the USA, in term during the period 1993\\u20132001?\",\"tags\":[\"usa\",\"presidents\",\"1990\'s\",\"history\"],\"type\":\"Multiple Choice\",\"difficulty\":\"easy\",\"regions\":[],\"isNiche\":false,\"done\":false,\"answers\":[{\"text\":\"William J. Clinton\",\"estat\":true},{\"text\":\"Dwight Eisenhower\",\"estat\":false},{\"text\":\"Rutherford B. Hayes\",\"estat\":false},{\"text\":\"Woodrow Wilson\",\"estat\":false}]},{\"category\":\"History\",\"id\":\"622a1c3c7cc59eab6f9518c4\",\"correctAnswer\":\"Enigma\",\"incorrectAnswers\":[\"Mystery\",\"Paradox\",\"Riddle\"],\"question\":\"What Was The Name Given To The Coding Machine Used By The Germans In World War II?\",\"tags\":[\"technology\",\"world_war_2\",\"history\"],\"type\":\"Multiple Choice\",\"difficulty\":\"easy\",\"regions\":[],\"isNiche\":false,\"done\":false,\"answers\":[{\"text\":\"Paradox\",\"estat\":false},{\"text\":\"Mystery\",\"estat\":false},{\"text\":\"Enigma\",\"estat\":true},{\"text\":\"Riddle\",\"estat\":false}]},{\"category\":\"History\",\"id\":\"622a1c3c7cc59eab6f951895\",\"correctAnswer\":\"The League of Nations\",\"incorrectAnswers\":[\"G8\",\"The Commonwealth of Nations\",\"The Country Club\"],\"question\":\"What was the predecessor to the United Nations?\",\"tags\":[\"politics\",\"history\"],\"type\":\"Multiple Choice\",\"difficulty\":\"easy\",\"regions\":[],\"isNiche\":false,\"done\":false,\"answers\":[{\"text\":\"The Country Club\",\"estat\":false},{\"text\":\"The Commonwealth of Nations\",\"estat\":false},{\"text\":\"G8\",\"estat\":false},{\"text\":\"The League of Nations\",\"estat\":true}]}]', 'easy', 'history', 'normal', '2022-12-20', '2022-12-20 16:29:32', '2022-12-20 16:29:32'),
(8, '[{\"category\":\"Science\",\"id\":\"622a1c377cc59eab6f950534\",\"correctAnswer\":\"The Future\",\"incorrectAnswers\":[\"Science Fiction\",\"Palm Reading\",\"Drugs\"],\"question\":\"What is futurology the study of?\",\"tags\":[\"words\",\"science\"],\"type\":\"Multiple Choice\",\"difficulty\":\"easy\",\"regions\":[],\"isNiche\":false,\"done\":false,\"answers\":[{\"text\":\"Drugs\",\"estat\":false},{\"text\":\"Science Fiction\",\"estat\":false},{\"text\":\"Palm Reading\",\"estat\":false},{\"text\":\"The Future\",\"estat\":true}]},{\"category\":\"Science\",\"id\":\"622a1c377cc59eab6f95051b\",\"correctAnswer\":\"the Islam\",\"incorrectAnswers\":[\"waves or wave motions\",\"algae\",\"the nature and origins of knowledge\"],\"question\":\"What is Islamology the study of?\",\"tags\":[\"science\"],\"type\":\"Multiple Choice\",\"difficulty\":\"easy\",\"regions\":[],\"isNiche\":false,\"done\":false,\"answers\":[{\"text\":\"the nature and origins of knowledge\",\"estat\":false},{\"text\":\"the Islam\",\"estat\":true},{\"text\":\"waves or wave motions\",\"estat\":false},{\"text\":\"algae\",\"estat\":false}]},{\"category\":\"Science\",\"id\":\"622a1c3a7cc59eab6f95106e\",\"correctAnswer\":\"Dermatologist\",\"incorrectAnswers\":[\"Permologist\",\"Skin Clinician\",\"Visologist\"],\"question\":\"What is a skin specialist called?\",\"tags\":[\"science\"],\"type\":\"Multiple Choice\",\"difficulty\":\"easy\",\"regions\":[],\"isNiche\":false,\"done\":false,\"answers\":[{\"text\":\"Skin Clinician\",\"estat\":false},{\"text\":\"Permologist\",\"estat\":false},{\"text\":\"Dermatologist\",\"estat\":true},{\"text\":\"Visologist\",\"estat\":false}]},{\"category\":\"Science\",\"id\":\"622a1c377cc59eab6f9504b3\",\"correctAnswer\":\"planets and solar systems; more commonly called Planetary science\",\"incorrectAnswers\":[\"relationships within families particularly with a view to constructing family trees\",\"the process of human psychological evolution\",\"crop circles\"],\"question\":\"What is Planetology the study of?\",\"tags\":[\"science\"],\"type\":\"Multiple Choice\",\"difficulty\":\"easy\",\"regions\":[],\"isNiche\":false,\"done\":false,\"answers\":[{\"text\":\"crop circles\",\"estat\":false},{\"text\":\"relationships within families particularly with a view to constructing family trees\",\"estat\":false},{\"text\":\"planets and solar systems; more commonly called Planetary science\",\"estat\":true},{\"text\":\"the process of human psychological evolution\",\"estat\":false}]},{\"category\":\"Science\",\"id\":\"622a1c3a7cc59eab6f9510c3\",\"correctAnswer\":\"23\",\"incorrectAnswers\":[\"10\",\"2\",\"12\"],\"question\":\"How Many Pairs of Chromosomes Does The Average Human Have?\",\"tags\":[\"numbers\",\"anatomy\",\"biology\",\"science\"],\"type\":\"Multiple Choice\",\"difficulty\":\"easy\",\"regions\":[],\"isNiche\":false,\"done\":false,\"answers\":[{\"text\":\"12\",\"estat\":false},{\"text\":\"2\",\"estat\":false},{\"text\":\"10\",\"estat\":false},{\"text\":\"23\",\"estat\":true}]},{\"category\":\"Science\",\"id\":\"622a1c377cc59eab6f9504df\",\"correctAnswer\":\"nutrition\",\"incorrectAnswers\":[\"the immune system\",\"cetaceans - whales, dolphins, and porpoise\",\"concept in anthropology, biology, algebraic topology, and sociology, meaning \'likeness in structure\'\"],\"question\":\"What is Nutriology the study of?\",\"tags\":[\"science\"],\"type\":\"Multiple Choice\",\"difficulty\":\"easy\",\"regions\":[],\"isNiche\":false,\"done\":false,\"answers\":[{\"text\":\"cetaceans - whales, dolphins, and porpoise\",\"estat\":false},{\"text\":\"nutrition\",\"estat\":true},{\"text\":\"concept in anthropology, biology, algebraic topology, and sociology, meaning \'likeness in structure\'\",\"estat\":false},{\"text\":\"the immune system\",\"estat\":false}]},{\"category\":\"Science\",\"id\":\"622a1c3a7cc59eab6f9510b3\",\"correctAnswer\":\"Jupiter\",\"incorrectAnswers\":[\"Venus\",\"Neptune\",\"Saturn\"],\"question\":\"Name the largest planet in the solar system.\",\"tags\":[\"science\"],\"type\":\"Multiple Choice\",\"difficulty\":\"easy\",\"regions\":[],\"isNiche\":false,\"done\":false,\"answers\":[{\"text\":\"Neptune\",\"estat\":false},{\"text\":\"Venus\",\"estat\":false},{\"text\":\"Jupiter\",\"estat\":true},{\"text\":\"Saturn\",\"estat\":false}]},{\"category\":\"Science\",\"id\":\"622a1c3a7cc59eab6f95101f\",\"correctAnswer\":\"Blue Whale\",\"incorrectAnswers\":[\"African Elephant\",\"Hippopotamus\",\"Sperm Whale\"],\"question\":\"What Is The Worlds Largest Mammal?\",\"tags\":[\"biology\",\"animals\",\"science\"],\"type\":\"Multiple Choice\",\"difficulty\":\"easy\",\"regions\":[],\"isNiche\":false,\"done\":false,\"answers\":[{\"text\":\"Hippopotamus\",\"estat\":false},{\"text\":\"African Elephant\",\"estat\":false},{\"text\":\"Blue Whale\",\"estat\":true},{\"text\":\"Sperm Whale\",\"estat\":false}]},{\"category\":\"Science\",\"id\":\"62433573cfaae40c129614a9\",\"correctAnswer\":\"A Tadpole\",\"incorrectAnswers\":[\"An Infant\",\"A Piglet\",\"A Cub\"],\"question\":\"What is the word for a young toad?\",\"tags\":[\"animals\",\"biology\",\"science\"],\"type\":\"Multiple Choice\",\"difficulty\":\"easy\",\"regions\":[],\"isNiche\":false,\"done\":false,\"answers\":[{\"text\":\"A Piglet\",\"estat\":false},{\"text\":\"A Tadpole\",\"estat\":true},{\"text\":\"An Infant\",\"estat\":false},{\"text\":\"A Cub\",\"estat\":false}]},{\"category\":\"Science\",\"id\":\"622a1c377cc59eab6f95048b\",\"correctAnswer\":\"society\",\"incorrectAnswers\":[\"bones\",\"the preparation of books and manuscripts\",\"nematodes\"],\"question\":\"What is Sociology the study of?\",\"tags\":[\"science\"],\"type\":\"Multiple Choice\",\"difficulty\":\"easy\",\"regions\":[],\"isNiche\":false,\"done\":false,\"answers\":[{\"text\":\"nematodes\",\"estat\":false},{\"text\":\"the preparation of books and manuscripts\",\"estat\":false},{\"text\":\"bones\",\"estat\":false},{\"text\":\"society\",\"estat\":true}]}]', 'easy', 'science', 'normal', '2022-12-20', '2022-12-20 16:33:44', '2022-12-20 16:33:44');
INSERT INTO `games` (`id`, `quiz`, `difficulty`, `category`, `type`, `date`, `created_at`, `updated_at`) VALUES
(9, '[{\"category\":\"Food & Drink\",\"id\":\"6271644e1ba117625baac956\",\"correctAnswer\":\"Schnapps\",\"incorrectAnswers\":[\"Rakia\",\"Tequila\",\"Mama Juana\"],\"question\":\"Which of these is a popular drink in Austria?\",\"tags\":[\"drink\",\"alcohol\"],\"type\":\"Multiple Choice\",\"difficulty\":\"medium\",\"regions\":[],\"isNiche\":false,\"done\":false,\"answers\":[{\"text\":\"Tequila\",\"estat\":false},{\"text\":\"Rakia\",\"estat\":false},{\"text\":\"Mama Juana\",\"estat\":false},{\"text\":\"Schnapps\",\"estat\":true}]},{\"category\":\"Food & Drink\",\"id\":\"622a1c367cc59eab6f950261\",\"correctAnswer\":\"Japan\",\"incorrectAnswers\":[\"India\",\"Italy\",\"Brazil\"],\"question\":\"Which country does one associate with \'Kasutera\'?\",\"tags\":[\"food_and_drink\"],\"type\":\"Multiple Choice\",\"difficulty\":\"medium\",\"regions\":[],\"isNiche\":false,\"done\":false,\"answers\":[{\"text\":\"Japan\",\"estat\":true},{\"text\":\"Brazil\",\"estat\":false},{\"text\":\"India\",\"estat\":false},{\"text\":\"Italy\",\"estat\":false}]},{\"category\":\"Food & Drink\",\"id\":\"624c607f50d1a5e051325a5f\",\"correctAnswer\":\"England\",\"incorrectAnswers\":[\"Cuba\",\"Indonesia\",\"India\"],\"question\":\"Where in the world would you most expect to be served Chicken Tikka Masala?\",\"tags\":[\"food\",\"food_and_drink\"],\"type\":\"Multiple Choice\",\"difficulty\":\"medium\",\"regions\":[],\"isNiche\":false,\"done\":false,\"answers\":[{\"text\":\"India\",\"estat\":false},{\"text\":\"Indonesia\",\"estat\":false},{\"text\":\"Cuba\",\"estat\":false},{\"text\":\"England\",\"estat\":true}]},{\"category\":\"Food & Drink\",\"id\":\"622a1c367cc59eab6f9502eb\",\"correctAnswer\":\"Soup\",\"incorrectAnswers\":[\"Stew\",\"Cured Meat\",\"Vegetable\"],\"question\":\"Gazpacho is a type of what?\",\"tags\":[\"food_and_drink\"],\"type\":\"Multiple Choice\",\"difficulty\":\"medium\",\"regions\":[],\"isNiche\":false,\"done\":false,\"answers\":[{\"text\":\"Soup\",\"estat\":true},{\"text\":\"Stew\",\"estat\":false},{\"text\":\"Cured Meat\",\"estat\":false},{\"text\":\"Vegetable\",\"estat\":false}]},{\"category\":\"Food & Drink\",\"id\":\"639898405c9a75021f31046c\",\"correctAnswer\":\"Fermentation\",\"incorrectAnswers\":[\"Distillation\",\"Oxidation\",\"Clarification\"],\"question\":\"What is the process used to convert grape juice into wine called?\",\"tags\":[\"food_and_drink\",\"wine\",\"drink\",\"chemistry\"],\"type\":\"Multiple Choice\",\"difficulty\":\"medium\",\"regions\":[],\"isNiche\":false,\"done\":false,\"answers\":[{\"text\":\"Clarification\",\"estat\":false},{\"text\":\"Fermentation\",\"estat\":true},{\"text\":\"Distillation\",\"estat\":false},{\"text\":\"Oxidation\",\"estat\":false}]},{\"category\":\"Food & Drink\",\"id\":\"624c6141badf21197f98f76f\",\"correctAnswer\":\"Russia\",\"incorrectAnswers\":[\"Cambodia\",\"Vietnam\",\"Uzbekistan\"],\"question\":\"Borscht is a dish that is most associated with which part of the world?\",\"tags\":[\"food\",\"food_and_drink\"],\"type\":\"Multiple Choice\",\"difficulty\":\"medium\",\"regions\":[],\"isNiche\":false,\"done\":false,\"answers\":[{\"text\":\"Russia\",\"estat\":true},{\"text\":\"Cambodia\",\"estat\":false},{\"text\":\"Vietnam\",\"estat\":false},{\"text\":\"Uzbekistan\",\"estat\":false}]},{\"category\":\"Food & Drink\",\"id\":\"631d796aa11f90a3bf2a3bf8\",\"correctAnswer\":\"Nori\",\"incorrectAnswers\":[\"Wasabi\",\"Sake\",\"Mirin\"],\"question\":\"What name is given to the seaweed sheets used to wrap sushi rolls?\",\"tags\":[\"food_and_drink\",\"japan\"],\"type\":\"Multiple Choice\",\"difficulty\":\"medium\",\"regions\":[],\"isNiche\":false,\"done\":false,\"answers\":[{\"text\":\"Wasabi\",\"estat\":false},{\"text\":\"Mirin\",\"estat\":false},{\"text\":\"Nori\",\"estat\":true},{\"text\":\"Sake\",\"estat\":false}]},{\"category\":\"Food & Drink\",\"id\":\"622a1c3b7cc59eab6f9515a2\",\"correctAnswer\":\"Three\",\"incorrectAnswers\":[\"Two\",\"Four\",\"Five\"],\"question\":\"How many pieces of bun are in a Mcdonald\'s Big Mac?\",\"tags\":[\"food\",\"food_and_drink\"],\"type\":\"Multiple Choice\",\"difficulty\":\"medium\",\"regions\":[],\"isNiche\":false,\"done\":false,\"answers\":[{\"text\":\"Three\",\"estat\":true},{\"text\":\"Two\",\"estat\":false},{\"text\":\"Five\",\"estat\":false},{\"text\":\"Four\",\"estat\":false}]},{\"category\":\"Food & Drink\",\"id\":\"624ab0ad348a461bfc67068e\",\"correctAnswer\":\"The Middle East\",\"incorrectAnswers\":[\"India\",\"Central America\",\"Africa\"],\"question\":\"Where in the world are figs originally from?\",\"tags\":[\"food\",\"food_and_drink\"],\"type\":\"Multiple Choice\",\"difficulty\":\"medium\",\"regions\":[],\"isNiche\":false,\"done\":false,\"answers\":[{\"text\":\"The Middle East\",\"estat\":true},{\"text\":\"India\",\"estat\":false},{\"text\":\"Central America\",\"estat\":false},{\"text\":\"Africa\",\"estat\":false}]},{\"category\":\"Food & Drink\",\"id\":\"624c60e350d1a5e051325a7a\",\"correctAnswer\":\"Kimchi\",\"incorrectAnswers\":[\"Verivorst\",\"Fufu\",\"Nasi Lemak\"],\"question\":\"Which of these dishes is most associated with Korea?\",\"tags\":[\"food\",\"food_and_drink\"],\"type\":\"Multiple Choice\",\"difficulty\":\"medium\",\"regions\":[],\"isNiche\":false,\"done\":false,\"answers\":[{\"text\":\"Kimchi\",\"estat\":true},{\"text\":\"Verivorst\",\"estat\":false},{\"text\":\"Fufu\",\"estat\":false},{\"text\":\"Nasi Lemak\",\"estat\":false}]}]', 'medium', 'food_and_drink', 'normal', '2022-12-20', '2022-12-20 16:37:37', '2022-12-20 16:37:37'),
(10, '[{\"category\":\"Arts & Literature\",\"id\":\"622a1c3a7cc59eab6f951373\",\"correctAnswer\":\"The Lord of the Rings\",\"incorrectAnswers\":[\"Harry Potter\",\"Red Rising\",\"The Hunger Games\"],\"question\":\"In which book series does \'Frodo Baggins\' appear?\",\"tags\":[\"fictitious_characters\",\"literature\",\"general_knowledge\",\"arts_and_literature\"],\"type\":\"Multiple Choice\",\"difficulty\":\"easy\",\"regions\":[],\"isNiche\":false,\"done\":false,\"answers\":[{\"text\":\"Red Rising\",\"estat\":false},{\"text\":\"The Lord of the Rings\",\"estat\":true},{\"text\":\"The Hunger Games\",\"estat\":false},{\"text\":\"Harry Potter\",\"estat\":false}]},{\"category\":\"Arts & Literature\",\"id\":\"622a1c397cc59eab6f950e05\",\"correctAnswer\":\"Lewis Carroll\",\"incorrectAnswers\":[\"Enid Blyton\",\"George Orwell\",\"Charles Dickens\"],\"question\":\"Which author wrote \'Through the Looking-Glass\'?\",\"tags\":[\"arts_and_literature\"],\"type\":\"Multiple Choice\",\"difficulty\":\"easy\",\"regions\":[],\"isNiche\":false,\"done\":false,\"answers\":[{\"text\":\"Charles Dickens\",\"estat\":false},{\"text\":\"George Orwell\",\"estat\":false},{\"text\":\"Enid Blyton\",\"estat\":false},{\"text\":\"Lewis Carroll\",\"estat\":true}]},{\"category\":\"Arts & Literature\",\"id\":\"622a1c397cc59eab6f950eab\",\"correctAnswer\":\"J. K. Rowling\",\"incorrectAnswers\":[\"Christopher Tolkien\",\"Philip Pullman\",\"C. S. Lewis\"],\"question\":\"Which author wrote \'Harry Potter and the Order of the Phoenix\'?\",\"tags\":[\"harry_potter\",\"literature\",\"arts_and_literature\"],\"type\":\"Multiple Choice\",\"difficulty\":\"easy\",\"regions\":[],\"isNiche\":false,\"done\":false,\"answers\":[{\"text\":\"Christopher Tolkien\",\"estat\":false},{\"text\":\"J. K. Rowling\",\"estat\":true},{\"text\":\"Philip Pullman\",\"estat\":false},{\"text\":\"C. S. Lewis\",\"estat\":false}]},{\"category\":\"Arts & Literature\",\"id\":\"622a1c397cc59eab6f950f9a\",\"correctAnswer\":\"William Shakespeare\",\"incorrectAnswers\":[\"Arthur C. Clarke\",\"Isaac Newton\",\"Enid Blyton\"],\"question\":\"Which author wrote \'Macbeth\'?\",\"tags\":[\"arts_and_literature\"],\"type\":\"Multiple Choice\",\"difficulty\":\"easy\",\"regions\":[],\"isNiche\":false,\"done\":false,\"answers\":[{\"text\":\"Isaac Newton\",\"estat\":false},{\"text\":\"Enid Blyton\",\"estat\":false},{\"text\":\"Arthur C. Clarke\",\"estat\":false},{\"text\":\"William Shakespeare\",\"estat\":true}]},{\"category\":\"Arts & Literature\",\"id\":\"622a1c397cc59eab6f950eae\",\"correctAnswer\":\"J. K. Rowling\",\"incorrectAnswers\":[\"Christopher Tolkien\",\"Philip Pullman\",\"C. S. Lewis\"],\"question\":\"Which author wrote \'Harry Potter and the Goblet of Fire\'?\",\"tags\":[\"arts_and_literature\"],\"type\":\"Multiple Choice\",\"difficulty\":\"easy\",\"regions\":[],\"isNiche\":false,\"done\":false,\"answers\":[{\"text\":\"J. K. Rowling\",\"estat\":true},{\"text\":\"Philip Pullman\",\"estat\":false},{\"text\":\"C. S. Lewis\",\"estat\":false},{\"text\":\"Christopher Tolkien\",\"estat\":false}]},{\"category\":\"Arts & Literature\",\"id\":\"622a1c3c7cc59eab6f951797\",\"correctAnswer\":\"Lord Voldemort\",\"incorrectAnswers\":[\"Lord Darkmoor\",\"Lord Moribund\",\"Lord Doit Chagrin\"],\"question\":\"Which is the name of the villain in the Harry Potter series?\",\"tags\":[\"harry_potter\",\"fictitious_characters\",\"literature\",\"young_adult\",\"arts_and_literature\"],\"type\":\"Multiple Choice\",\"difficulty\":\"easy\",\"regions\":[],\"isNiche\":false,\"done\":false,\"answers\":[{\"text\":\"Lord Voldemort\",\"estat\":true},{\"text\":\"Lord Darkmoor\",\"estat\":false},{\"text\":\"Lord Moribund\",\"estat\":false},{\"text\":\"Lord Doit Chagrin\",\"estat\":false}]},{\"category\":\"Arts & Literature\",\"id\":\"622a1c3a7cc59eab6f95136a\",\"correctAnswer\":\"Collage\",\"incorrectAnswers\":[\"Watercolor\",\"Sculpture\",\"Pointilism\"],\"question\":\"What is the word for a composition made of cut and pasted pieces of materials?\",\"tags\":[\"art\",\"words\",\"arts_and_literature\"],\"type\":\"Multiple Choice\",\"difficulty\":\"easy\",\"regions\":[],\"isNiche\":false,\"done\":false,\"answers\":[{\"text\":\"Pointilism\",\"estat\":false},{\"text\":\"Watercolor\",\"estat\":false},{\"text\":\"Collage\",\"estat\":true},{\"text\":\"Sculpture\",\"estat\":false}]},{\"category\":\"Arts & Literature\",\"id\":\"622a1c397cc59eab6f950f48\",\"correctAnswer\":\"J. R. R. Tolkien\",\"incorrectAnswers\":[\"G. K. Chesterton\",\"Philip Pullman\",\"C. S. Lewis\"],\"question\":\"Which author wrote \'The Hobbit\'?\",\"tags\":[\"fantasy\",\"literature\",\"people\",\"general_knowledge\",\"arts_and_literature\"],\"type\":\"Multiple Choice\",\"difficulty\":\"easy\",\"regions\":[],\"isNiche\":false,\"done\":false,\"answers\":[{\"text\":\"G. K. Chesterton\",\"estat\":false},{\"text\":\"J. R. R. Tolkien\",\"estat\":true},{\"text\":\"C. S. Lewis\",\"estat\":false},{\"text\":\"Philip Pullman\",\"estat\":false}]},{\"category\":\"Arts & Literature\",\"id\":\"622a1c3a7cc59eab6f951367\",\"correctAnswer\":\"A Palette\",\"incorrectAnswers\":[\"An eisel\",\"A square\",\"A pitcher\"],\"question\":\"What is the word given to a flat board used by a painter to mix and hold colors?\",\"tags\":[\"words\",\"art\",\"painting\",\"arts_and_literature\"],\"type\":\"Multiple Choice\",\"difficulty\":\"easy\",\"regions\":[],\"isNiche\":false,\"done\":false,\"answers\":[{\"text\":\"A Palette\",\"estat\":true},{\"text\":\"A pitcher\",\"estat\":false},{\"text\":\"An eisel\",\"estat\":false},{\"text\":\"A square\",\"estat\":false}]},{\"category\":\"Arts & Literature\",\"id\":\"63a0399ac7d86251f9b65c8d\",\"correctAnswer\":\"Little Red Riding Hood\",\"incorrectAnswers\":[\"Hey Diddle Diddle\",\"Mary Had a Little Lamb\",\"Baa Baa Black Sheep\"],\"question\":\"What nursery rhyme is about a girl who went to the woods?\",\"tags\":[\"arts_and_literature\",\"nursery_rhymes\"],\"type\":\"Multiple Choice\",\"difficulty\":\"easy\",\"regions\":[],\"isNiche\":false,\"done\":false,\"answers\":[{\"text\":\"Baa Baa Black Sheep\",\"estat\":false},{\"text\":\"Mary Had a Little Lamb\",\"estat\":false},{\"text\":\"Hey Diddle Diddle\",\"estat\":false},{\"text\":\"Little Red Riding Hood\",\"estat\":true}]}]', 'easy', 'arts_and_literature', 'normal', '2022-12-20', '2022-12-20 16:43:17', '2022-12-20 16:43:17'),
(11, '[{\"category\":\"Music\",\"id\":\"622a1c357cc59eab6f94ff6a\",\"correctAnswer\":\"Oasis\",\"incorrectAnswers\":[\"Goldfrapp\",\"Kaiser Chiefs\",\"Jethro Tull\"],\"question\":\"Who Had A Hit In 1996 With \\\"Don\'t Look Back In Anger\\\"\",\"tags\":[\"songs\",\"general_knowledge\",\"music\"],\"type\":\"Multiple Choice\",\"difficulty\":\"easy\",\"regions\":[],\"isNiche\":false,\"done\":false,\"answers\":[{\"text\":\"Oasis\",\"estat\":true},{\"text\":\"Goldfrapp\",\"estat\":false},{\"text\":\"Jethro Tull\",\"estat\":false},{\"text\":\"Kaiser Chiefs\",\"estat\":false}]},{\"category\":\"Music\",\"id\":\"622a1c397cc59eab6f950d31\",\"correctAnswer\":\"The Beatles\",\"incorrectAnswers\":[\"Deep Purple\",\"Feeder\",\"Uriah Heep\"],\"question\":\"Which English rock band released the song \'A Hard Day\'s Night\'?\",\"tags\":[\"music\"],\"type\":\"Multiple Choice\",\"difficulty\":\"easy\",\"regions\":[],\"isNiche\":false,\"done\":false,\"answers\":[{\"text\":\"The Beatles\",\"estat\":true},{\"text\":\"Deep Purple\",\"estat\":false},{\"text\":\"Feeder\",\"estat\":false},{\"text\":\"Uriah Heep\",\"estat\":false}]},{\"category\":\"Music\",\"id\":\"622a1c387cc59eab6f950b45\",\"correctAnswer\":\"Jonas Brothers\",\"incorrectAnswers\":[\"The Pussycat Dolls\",\"Three 6 Mafia\",\"The Velvet Underground\"],\"question\":\"Which band includes \'Nick Jonas\'?\",\"tags\":[\"people\",\"music\"],\"type\":\"Multiple Choice\",\"difficulty\":\"easy\",\"regions\":[],\"isNiche\":false,\"done\":false,\"answers\":[{\"text\":\"The Velvet Underground\",\"estat\":false},{\"text\":\"Three 6 Mafia\",\"estat\":false},{\"text\":\"Jonas Brothers\",\"estat\":true},{\"text\":\"The Pussycat Dolls\",\"estat\":false}]},{\"category\":\"Music\",\"id\":\"622a1c397cc59eab6f950d4b\",\"correctAnswer\":\"One Direction\",\"incorrectAnswers\":[\"Level 42\",\"Orchestral Manoeuvres in the Dark\",\"Blur\"],\"question\":\"Which band includes \'Niall Horan\'?\",\"tags\":[\"music\"],\"type\":\"Multiple Choice\",\"difficulty\":\"easy\",\"regions\":[],\"isNiche\":false,\"done\":false,\"answers\":[{\"text\":\"Blur\",\"estat\":false},{\"text\":\"Orchestral Manoeuvres in the Dark\",\"estat\":false},{\"text\":\"One Direction\",\"estat\":true},{\"text\":\"Level 42\",\"estat\":false}]},{\"category\":\"Music\",\"id\":\"622a1c347cc59eab6f94fb85\",\"correctAnswer\":\"\\\"All I Want For Christmas Is You\\\" by Mariah Carey\",\"incorrectAnswers\":[\"\\\"Jumpin\', Jumpin\'\\\" by Destiny\'s Child\",\"\\\"American Pie\\\" by Don McLean\",\"\\\"Let it Be\\\" by the Beatles\"],\"question\":\"Which song begins with the lyrics: \\\"I don\'t want a lot for Christmas, there is just one thing I need.\\\"?\",\"tags\":[\"songs\",\"lyrics\",\"christmas\",\"general_knowledge\",\"music\"],\"type\":\"Multiple Choice\",\"difficulty\":\"easy\",\"regions\":[],\"isNiche\":false,\"done\":false,\"answers\":[{\"text\":\"\\\"All I Want For Christmas Is You\\\" by Mariah Carey\",\"estat\":true},{\"text\":\"\\\"Let it Be\\\" by the Beatles\",\"estat\":false},{\"text\":\"\\\"American Pie\\\" by Don McLean\",\"estat\":false},{\"text\":\"\\\"Jumpin\', Jumpin\'\\\" by Destiny\'s Child\",\"estat\":false}]},{\"category\":\"Music\",\"id\":\"622a1c357cc59eab6f94fed6\",\"correctAnswer\":\"Mariah Carey\",\"incorrectAnswers\":[\"Drake\",\"Nicki Minaj\",\"Madonna\"],\"question\":\"Which American singer and songwriter released the song \'All I Want for Christmas Is You\'?\",\"tags\":[\"christmas\",\"music\"],\"type\":\"Multiple Choice\",\"difficulty\":\"easy\",\"regions\":[],\"isNiche\":false,\"done\":false,\"answers\":[{\"text\":\"Madonna\",\"estat\":false},{\"text\":\"Nicki Minaj\",\"estat\":false},{\"text\":\"Drake\",\"estat\":false},{\"text\":\"Mariah Carey\",\"estat\":true}]},{\"category\":\"Music\",\"id\":\"622a1c397cc59eab6f950c32\",\"correctAnswer\":\"ABBA\",\"incorrectAnswers\":[\"In Flames\",\"HammerFall\",\"Katatonia\"],\"question\":\"Which Swedish pop group released the song \'Money, Money, Money\'?\",\"tags\":[\"music\"],\"type\":\"Multiple Choice\",\"difficulty\":\"easy\",\"regions\":[],\"isNiche\":false,\"done\":false,\"answers\":[{\"text\":\"HammerFall\",\"estat\":false},{\"text\":\"Katatonia\",\"estat\":false},{\"text\":\"In Flames\",\"estat\":false},{\"text\":\"ABBA\",\"estat\":true}]},{\"category\":\"Music\",\"id\":\"622a1c387cc59eab6f950b7e\",\"correctAnswer\":\"Destiny\'s Child\",\"incorrectAnswers\":[\"MercyMe\",\"Three 6 Mafia\",\"The Velvet Underground\"],\"question\":\"Which band includes \'Beyonc\\u00e9\'?\",\"tags\":[\"general_knowledge\",\"people\",\"music\"],\"type\":\"Multiple Choice\",\"difficulty\":\"easy\",\"regions\":[],\"isNiche\":false,\"done\":false,\"answers\":[{\"text\":\"Destiny\'s Child\",\"estat\":true},{\"text\":\"MercyMe\",\"estat\":false},{\"text\":\"Three 6 Mafia\",\"estat\":false},{\"text\":\"The Velvet Underground\",\"estat\":false}]},{\"category\":\"Music\",\"id\":\"622a1c387cc59eab6f950b89\",\"correctAnswer\":\"The Jimi Hendrix Experience\",\"incorrectAnswers\":[\"Poison\",\"The Pussycat Dolls\",\"Three 6 Mafia\"],\"question\":\"Which English-American psychedelic rock band released the song \'Purple Haze\'?\",\"tags\":[\"music\"],\"type\":\"Multiple Choice\",\"difficulty\":\"easy\",\"regions\":[],\"isNiche\":false,\"done\":false,\"answers\":[{\"text\":\"The Pussycat Dolls\",\"estat\":false},{\"text\":\"The Jimi Hendrix Experience\",\"estat\":true},{\"text\":\"Three 6 Mafia\",\"estat\":false},{\"text\":\"Poison\",\"estat\":false}]},{\"category\":\"Music\",\"id\":\"622a1c347cc59eab6f94fba1\",\"correctAnswer\":\"\\\"Circle of Life\\\" by Elton John\",\"incorrectAnswers\":[\"\\\"SpongeBob SquarePants Theme\\\" by Painty the Pirate\",\"\\\"Let\'s Go Crazy\\\" by Prince and The Revolution\",\"\\\"What I Got\\\" by Sublime\"],\"question\":\"Which song begins with the lyrics: \\\"Nants ingonyama bagithi Baba \\/ Sithi uhm ingonyama...\\\"?\",\"tags\":[\"songs\",\"lyrics\",\"music\"],\"type\":\"Multiple Choice\",\"difficulty\":\"easy\",\"regions\":[],\"isNiche\":false,\"done\":false,\"answers\":[{\"text\":\"\\\"Let\'s Go Crazy\\\" by Prince and The Revolution\",\"estat\":false},{\"text\":\"\\\"SpongeBob SquarePants Theme\\\" by Painty the Pirate\",\"estat\":false},{\"text\":\"\\\"Circle of Life\\\" by Elton John\",\"estat\":true},{\"text\":\"\\\"What I Got\\\" by Sublime\",\"estat\":false}]}]', 'easy', 'music', 'normal', '2022-12-20', '2022-12-20 16:44:53', '2022-12-20 16:44:53'),
(12, '[{\"category\":\"Society & Culture\",\"id\":\"6262888a4b176d54800e3da4\",\"correctAnswer\":\"Motorola\",\"incorrectAnswers\":[\"Sony\",\"Samsung\",\"Nokia\"],\"question\":\"\'Hello Moto\' is a slogan associated with which communications brand?\",\"tags\":[\"business\",\"marketing\",\"technology\",\"society_and_culture\"],\"type\":\"Multiple Choice\",\"difficulty\":\"easy\",\"regions\":[],\"isNiche\":false,\"done\":false,\"answers\":[{\"text\":\"Nokia\",\"estat\":false},{\"text\":\"Samsung\",\"estat\":false},{\"text\":\"Sony\",\"estat\":false},{\"text\":\"Motorola\",\"estat\":true}]},{\"category\":\"Society & Culture\",\"id\":\"62628850014f58b5fc1a3fd5\",\"correctAnswer\":\"Taste the rainbow\",\"incorrectAnswers\":[\"Finger lickin\' good\",\"Have it your way\",\"Eat Mor Chikin\"],\"question\":\"What is the marketing slogan of Skittles?\",\"tags\":[\"business\",\"marketing\",\"food\",\"society_and_culture\"],\"type\":\"Multiple Choice\",\"difficulty\":\"easy\",\"regions\":[],\"isNiche\":false,\"done\":false,\"answers\":[{\"text\":\"Taste the rainbow\",\"estat\":true},{\"text\":\"Finger lickin\' good\",\"estat\":false},{\"text\":\"Have it your way\",\"estat\":false},{\"text\":\"Eat Mor Chikin\",\"estat\":false}]},{\"category\":\"Society & Culture\",\"id\":\"62ab32dc5202de619af2812c\",\"correctAnswer\":\"Beetle\",\"incorrectAnswers\":[\"Quattro\",\"Accord\",\"Silver Ghost\"],\"question\":\"Which of these models of car is made by Volkswagen?\",\"tags\":[\"motoring\",\"business\",\"society_and_culture\"],\"type\":\"Multiple Choice\",\"difficulty\":\"easy\",\"regions\":[],\"isNiche\":false,\"done\":false,\"answers\":[{\"text\":\"Silver Ghost\",\"estat\":false},{\"text\":\"Accord\",\"estat\":false},{\"text\":\"Quattro\",\"estat\":false},{\"text\":\"Beetle\",\"estat\":true}]},{\"category\":\"Society & Culture\",\"id\":\"6262af894b176d54800e3dce\",\"correctAnswer\":\"Not Safe For Work\",\"incorrectAnswers\":[\"Nice Suckers Finish Worst\",\"Now, Salt For Weeks\",\"No Situation For Wheels\"],\"question\":\"What do the letters \'NSFW\' mean on internet chats?\",\"tags\":[\"the_internet\",\"initials\"],\"type\":\"Multiple Choice\",\"difficulty\":\"easy\",\"regions\":[],\"isNiche\":false,\"done\":false,\"answers\":[{\"text\":\"Now, Salt For Weeks\",\"estat\":false},{\"text\":\"No Situation For Wheels\",\"estat\":false},{\"text\":\"Nice Suckers Finish Worst\",\"estat\":false},{\"text\":\"Not Safe For Work\",\"estat\":true}]},{\"category\":\"Society & Culture\",\"id\":\"622a1c367cc59eab6f95010b\",\"correctAnswer\":\"Atlantis\",\"incorrectAnswers\":[\"Gondwana\",\"Pangea\",\"Europa\"],\"question\":\"Which ancient continent is said to be submerged?\",\"tags\":[\"society_and_culture\"],\"type\":\"Multiple Choice\",\"difficulty\":\"easy\",\"regions\":[],\"isNiche\":false,\"done\":false,\"answers\":[{\"text\":\"Europa\",\"estat\":false},{\"text\":\"Pangea\",\"estat\":false},{\"text\":\"Gondwana\",\"estat\":false},{\"text\":\"Atlantis\",\"estat\":true}]},{\"category\":\"Society & Culture\",\"id\":\"622a1c367cc59eab6f95012c\",\"correctAnswer\":\"December\",\"incorrectAnswers\":[\"September\",\"April\",\"November\"],\"question\":\"In what month is Christmas observed?\",\"tags\":[\"christmas\",\"general_knowledge\",\"society_and_culture\"],\"type\":\"Multiple Choice\",\"difficulty\":\"easy\",\"regions\":[],\"isNiche\":false,\"done\":false,\"answers\":[{\"text\":\"November\",\"estat\":false},{\"text\":\"April\",\"estat\":false},{\"text\":\"December\",\"estat\":true},{\"text\":\"September\",\"estat\":false}]},{\"category\":\"Society & Culture\",\"id\":\"622a1c3a7cc59eab6f9511ba\",\"correctAnswer\":\"Medusa\",\"incorrectAnswers\":[\"Minotaur\",\"Harpy\",\"Siren\"],\"question\":\"Which Ancient Greek creature had snakes for hair?\",\"tags\":[\"mythology\",\"ancient_greece\",\"society_and_culture\"],\"type\":\"Multiple Choice\",\"difficulty\":\"easy\",\"regions\":[],\"isNiche\":false,\"done\":false,\"answers\":[{\"text\":\"Siren\",\"estat\":false},{\"text\":\"Medusa\",\"estat\":true},{\"text\":\"Harpy\",\"estat\":false},{\"text\":\"Minotaur\",\"estat\":false}]},{\"category\":\"Society & Culture\",\"id\":\"622a1c3c7cc59eab6f951889\",\"correctAnswer\":\"Apples\",\"incorrectAnswers\":[\"Bananas\",\"Cherries\",\"Carrots\"],\"question\":\"What Would You Traditionally \'Bob\' For At Halloween?\",\"tags\":[\"halloween\",\"traditions\",\"food\",\"society_and_culture\"],\"type\":\"Multiple Choice\",\"difficulty\":\"easy\",\"regions\":[],\"isNiche\":false,\"done\":false,\"answers\":[{\"text\":\"Carrots\",\"estat\":false},{\"text\":\"Cherries\",\"estat\":false},{\"text\":\"Apples\",\"estat\":true},{\"text\":\"Bananas\",\"estat\":false}]},{\"category\":\"Society & Culture\",\"id\":\"6262881d4b176d54800e3d89\",\"correctAnswer\":\"Energizer\",\"incorrectAnswers\":[\"Red Cross\",\"IBM\",\"FedEx\"],\"question\":\"\'Keeps going and going and going\' is a slogan associated with which brand?\",\"tags\":[\"business\",\"marketing\",\"technology\",\"society_and_culture\"],\"type\":\"Multiple Choice\",\"difficulty\":\"easy\",\"regions\":[],\"isNiche\":false,\"done\":false,\"answers\":[{\"text\":\"Red Cross\",\"estat\":false},{\"text\":\"Energizer\",\"estat\":true},{\"text\":\"FedEx\",\"estat\":false},{\"text\":\"IBM\",\"estat\":false}]},{\"category\":\"Society & Culture\",\"id\":\"622a1c3c7cc59eab6f951a8a\",\"correctAnswer\":\"October 31st\",\"incorrectAnswers\":[\"November 10th\",\"October 24th\",\"November 21st\"],\"question\":\"On Which Date Is Halloween?\",\"tags\":[\"halloween\",\"general_knowledge\",\"society_and_culture\"],\"type\":\"Multiple Choice\",\"difficulty\":\"easy\",\"regions\":[],\"isNiche\":false,\"done\":false,\"answers\":[{\"text\":\"October 31st\",\"estat\":true},{\"text\":\"November 10th\",\"estat\":false},{\"text\":\"October 24th\",\"estat\":false},{\"text\":\"November 21st\",\"estat\":false}]}]', 'easy', 'society_and_culture', 'normal', '2022-12-20', '2022-12-20 16:47:18', '2022-12-20 16:47:18'),
(13, '[{\"category\":\"Geography\",\"id\":\"623385150161109f922aabd7\",\"correctAnswer\":\"Pacific Ocean\",\"incorrectAnswers\":[\"Atlantic Ocean\",\"Arctic Ocean\",\"Indian Ocean\"],\"question\":\"What ocean is found along the East Coast of Asia?\",\"tags\":[\"bodies_of_water\",\"oceans\",\"geography\"],\"type\":\"Multiple Choice\",\"difficulty\":\"easy\",\"regions\":[],\"isNiche\":false,\"done\":false,\"answers\":[{\"text\":\"Pacific Ocean\",\"estat\":true},{\"text\":\"Atlantic Ocean\",\"estat\":false},{\"text\":\"Indian Ocean\",\"estat\":false},{\"text\":\"Arctic Ocean\",\"estat\":false}]},{\"category\":\"Geography\",\"id\":\"623384bc62eaad73716a8c29\",\"correctAnswer\":\"Everest\",\"incorrectAnswers\":[\"Kilimanjaro\",\"Elbrus\",\"Denali\"],\"question\":\"What is the world\'s highest mountain?\",\"tags\":[\"mountains\",\"records\",\"general_knowledge\",\"geography\"],\"type\":\"Multiple Choice\",\"difficulty\":\"easy\",\"regions\":[],\"isNiche\":false,\"done\":false,\"answers\":[{\"text\":\"Denali\",\"estat\":false},{\"text\":\"Elbrus\",\"estat\":false},{\"text\":\"Kilimanjaro\",\"estat\":false},{\"text\":\"Everest\",\"estat\":true}]},{\"category\":\"Geography\",\"id\":\"623735f1cfe13103f55eb585\",\"correctAnswer\":\"Thailand\",\"incorrectAnswers\":[\"Lesotho\",\"Netherlands\",\"Haiti\"],\"question\":\"Which region of the world uses \'.th\' at the end of its web addresses?\",\"tags\":[\"geography\"],\"type\":\"Multiple Choice\",\"difficulty\":\"easy\",\"regions\":[],\"isNiche\":false,\"done\":false,\"answers\":[{\"text\":\"Thailand\",\"estat\":true},{\"text\":\"Lesotho\",\"estat\":false},{\"text\":\"Netherlands\",\"estat\":false},{\"text\":\"Haiti\",\"estat\":false}]},{\"category\":\"Geography\",\"id\":\"6237406fcb85f7ce9e949cfe\",\"correctAnswer\":\"Paris\",\"incorrectAnswers\":[\"Marseilles\",\"Bordeaux\",\"Monaco\"],\"question\":\"What is the capital city of France?\",\"tags\":[\"general_knowledge\",\"capital_cities\",\"france\",\"europe\",\"cities\",\"geography\"],\"type\":\"Multiple Choice\",\"difficulty\":\"easy\",\"regions\":[],\"isNiche\":false,\"done\":false,\"answers\":[{\"text\":\"Paris\",\"estat\":true},{\"text\":\"Marseilles\",\"estat\":false},{\"text\":\"Bordeaux\",\"estat\":false},{\"text\":\"Monaco\",\"estat\":false}]},{\"category\":\"Geography\",\"id\":\"639c9da7929b90846f2fc981\",\"correctAnswer\":\"Paris\",\"incorrectAnswers\":[\"London\",\"New York City\",\"Rome\"],\"question\":\"The Louvre is an iconic museum in what city?\",\"tags\":[\"architecture\",\"geography\",\"buildings\",\"tourist_attractions\",\"museums\",\"general_knowledge\"],\"type\":\"Multiple Choice\",\"difficulty\":\"easy\",\"regions\":[],\"isNiche\":false,\"done\":false,\"answers\":[{\"text\":\"Paris\",\"estat\":true},{\"text\":\"Rome\",\"estat\":false},{\"text\":\"London\",\"estat\":false},{\"text\":\"New York City\",\"estat\":false}]},{\"category\":\"Geography\",\"id\":\"623b5843fd6c701a921183aa\",\"correctAnswer\":\"Japan\",\"incorrectAnswers\":[\"Indonesia\",\"Thailand\",\"China\"],\"question\":\"In which country would you find city of Kyoto?\",\"tags\":[\"cities\",\"geography\"],\"type\":\"Multiple Choice\",\"difficulty\":\"easy\",\"regions\":[],\"isNiche\":false,\"done\":false,\"answers\":[{\"text\":\"Japan\",\"estat\":true},{\"text\":\"Indonesia\",\"estat\":false},{\"text\":\"China\",\"estat\":false},{\"text\":\"Thailand\",\"estat\":false}]},{\"category\":\"Geography\",\"id\":\"62602deb4b176d54800e3cb4\",\"correctAnswer\":\"Marseille\",\"incorrectAnswers\":[\"D\\u00fcsseldorf\",\"Z\\u00fcrich\",\"Dublin\"],\"question\":\"Which of these cities is in France?\",\"tags\":[\"cities\",\"europe\",\"france\",\"geography\"],\"type\":\"Multiple Choice\",\"difficulty\":\"easy\",\"regions\":[],\"isNiche\":false,\"done\":false,\"answers\":[{\"text\":\"Z\\u00fcrich\",\"estat\":false},{\"text\":\"D\\u00fcsseldorf\",\"estat\":false},{\"text\":\"Dublin\",\"estat\":false},{\"text\":\"Marseille\",\"estat\":true}]},{\"category\":\"Geography\",\"id\":\"623740bdcb85f7ce9e949d1d\",\"correctAnswer\":\"India\",\"incorrectAnswers\":[\"Thailand\",\"Solomon Islands\",\"Oman\"],\"question\":\"New Delhi is the capital city of which country?\",\"tags\":[\"geography\"],\"type\":\"Multiple Choice\",\"difficulty\":\"easy\",\"regions\":[],\"isNiche\":false,\"done\":false,\"answers\":[{\"text\":\"Oman\",\"estat\":false},{\"text\":\"Thailand\",\"estat\":false},{\"text\":\"India\",\"estat\":true},{\"text\":\"Solomon Islands\",\"estat\":false}]},{\"category\":\"Geography\",\"id\":\"623387b00161109f922aac3d\",\"correctAnswer\":\"Japan\",\"incorrectAnswers\":[\"China\",\"Vietnam\",\"India\"],\"question\":\"Which country uses the \'yen\' for currency?\",\"tags\":[\"geography\"],\"type\":\"Multiple Choice\",\"difficulty\":\"easy\",\"regions\":[],\"isNiche\":false,\"done\":false,\"answers\":[{\"text\":\"Japan\",\"estat\":true},{\"text\":\"India\",\"estat\":false},{\"text\":\"Vietnam\",\"estat\":false},{\"text\":\"China\",\"estat\":false}]},{\"category\":\"Geography\",\"id\":\"62602d474b176d54800e3c8c\",\"correctAnswer\":\"Moscow\",\"incorrectAnswers\":[\"Z\\u00fcrich\",\"Barcelona\",\"Rotterdam\"],\"question\":\"Which of these cities is in Russia?\",\"tags\":[\"cities\",\"europe\",\"russia\",\"geography\"],\"type\":\"Multiple Choice\",\"difficulty\":\"easy\",\"regions\":[],\"isNiche\":false,\"done\":false,\"answers\":[{\"text\":\"Barcelona\",\"estat\":false},{\"text\":\"Rotterdam\",\"estat\":false},{\"text\":\"Z\\u00fcrich\",\"estat\":false},{\"text\":\"Moscow\",\"estat\":true}]}]', 'easy', 'geography', 'normal', '2022-12-20', '2022-12-20 16:53:36', '2022-12-20 16:53:36');

-- --------------------------------------------------------

--
-- Estructura de la taula `migrations`
--

CREATE TABLE `migrations` (
  `id` int(10) UNSIGNED NOT NULL,
  `migration` varchar(255) COLLATE utf8mb4_unicode_ci NOT NULL,
  `batch` int(11) NOT NULL
) ENGINE=InnoDB DEFAULT CHARSET=utf8mb4 COLLATE=utf8mb4_unicode_ci;

--
-- Bolcament de dades per a la taula `migrations`
--

INSERT INTO `migrations` (`id`, `migration`, `batch`) VALUES
(260, '2014_10_12_000000_create_users_table', 1),
(261, '2014_10_12_100000_create_password_resets_table', 1),
(262, '2019_08_19_000000_create_failed_jobs_table', 1),
(263, '2019_12_14_000001_create_personal_access_tokens_table', 1),
(264, '2022_11_28_123759_create_games_table', 1),
(265, '2022_11_28_123831_create_challenges_table', 1),
(266, '2022_11_28_123854_create_rankings_table', 1),
(267, '2022_12_05_122103_create_tests_table', 1);

-- --------------------------------------------------------

--
-- Estructura de la taula `password_resets`
--

CREATE TABLE `password_resets` (
  `email` varchar(255) COLLATE utf8mb4_unicode_ci NOT NULL,
  `token` varchar(255) COLLATE utf8mb4_unicode_ci NOT NULL,
  `created_at` timestamp NULL DEFAULT NULL
) ENGINE=InnoDB DEFAULT CHARSET=utf8mb4 COLLATE=utf8mb4_unicode_ci;

-- --------------------------------------------------------

--
-- Estructura de la taula `personal_access_tokens`
--

CREATE TABLE `personal_access_tokens` (
  `id` bigint(20) UNSIGNED NOT NULL,
  `tokenable_type` varchar(255) COLLATE utf8mb4_unicode_ci NOT NULL,
  `tokenable_id` bigint(20) UNSIGNED NOT NULL,
  `name` varchar(255) COLLATE utf8mb4_unicode_ci NOT NULL,
  `token` varchar(64) COLLATE utf8mb4_unicode_ci NOT NULL,
  `abilities` text COLLATE utf8mb4_unicode_ci DEFAULT NULL,
  `last_used_at` timestamp NULL DEFAULT NULL,
  `expires_at` timestamp NULL DEFAULT NULL,
  `created_at` timestamp NULL DEFAULT NULL,
  `updated_at` timestamp NULL DEFAULT NULL
) ENGINE=InnoDB DEFAULT CHARSET=utf8mb4 COLLATE=utf8mb4_unicode_ci;

--
-- Bolcament de dades per a la taula `personal_access_tokens`
--

INSERT INTO `personal_access_tokens` (`id`, `tokenable_type`, `tokenable_id`, `name`, `token`, `abilities`, `last_used_at`, `expires_at`, `created_at`, `updated_at`) VALUES
(1, 'App\\Models\\User', 1, 'token', '07fc0ef86ec852610d0d9813d1a3ddbdf6a6e0c04604216974af4c0d0de81950', '[\"*\"]', NULL, NULL, '2022-12-20 11:31:29', '2022-12-20 11:31:29'),
(2, 'App\\Models\\User', 2, 'token', 'c47dcd0b8dbb3802e47fefb7a5ec2c1ca160fe4dcaa54972d44b8b2694b94a28', '[\"*\"]', NULL, NULL, '2022-12-20 11:39:54', '2022-12-20 11:39:54'),
(3, 'App\\Models\\User', 3, 'token', '9eca6a61db3a84aa81aa21da0bc3318d4d7d6b2ab043a29762fe0aa5e54b5b02', '[\"*\"]', NULL, NULL, '2022-12-20 15:02:53', '2022-12-20 15:02:53'),
(4, 'App\\Models\\User', 4, 'token', 'ff890d686e6ee2ed5d4700e9df101ee73f83e60588f97c6c811514e581b72db7', '[\"*\"]', NULL, NULL, '2022-12-20 15:20:00', '2022-12-20 15:20:00'),
(5, 'App\\Models\\User', 4, 'token', 'e47ab223ed25d988355c727e9d95e5266c50297c12b4aa1a823a7dbe76806259', '[\"*\"]', NULL, NULL, '2022-12-20 15:31:43', '2022-12-20 15:31:43'),
(6, 'App\\Models\\User', 5, 'token', 'b47279a3866c95063e6e814d07063645662cbcbaacb73acc8e41b054d73c4b65', '[\"*\"]', NULL, NULL, '2022-12-20 16:25:10', '2022-12-20 16:25:10'),
(7, 'App\\Models\\User', 1, 'token', '92d0a1ec4312b5828fad42b078920d8636c42412afc04b977fe78cfc93cf72a4', '[\"*\"]', NULL, NULL, '2022-12-20 16:33:13', '2022-12-20 16:33:13'),
(8, 'App\\Models\\User', 2, 'token', '057ffe184cde69d515a6c956a5b2880e92b2f822f7cb03218ab8b28d05f213b4', '[\"*\"]', NULL, NULL, '2022-12-20 16:46:55', '2022-12-20 16:46:55'),
(9, 'App\\Models\\User', 2, 'token', '1376dd578f7b199b376a3b3447773412a4b6b99d6a81930c3d963b7f2e041a75', '[\"*\"]', NULL, NULL, '2022-12-20 16:53:27', '2022-12-20 16:53:27');

-- --------------------------------------------------------

--
-- Estructura de suport per a vistes `RANKING`
-- (mireu a sota per a la visualització real)
--
CREATE TABLE `RANKING` (
`score` decimal(32,0)
,`idUser` bigint(20) unsigned
,`userName` varchar(255)
);

-- --------------------------------------------------------

--
-- Estructura de la taula `rankings`
--

CREATE TABLE `rankings` (
  `idGame` bigint(20) UNSIGNED NOT NULL,
  `idUser` bigint(20) UNSIGNED NOT NULL,
  `puntuacio` int(11) NOT NULL,
  `created_at` timestamp NULL DEFAULT NULL,
  `updated_at` timestamp NULL DEFAULT NULL
) ENGINE=InnoDB DEFAULT CHARSET=utf8mb4 COLLATE=utf8mb4_unicode_ci;

--
-- Bolcament de dades per a la taula `rankings`
--

INSERT INTO `rankings` (`idGame`, `idUser`, `puntuacio`, `created_at`, `updated_at`) VALUES
(2, 3, 68, '2022-12-20 15:08:52', '2022-12-20 15:08:52'),
(2, 4, 164, '2022-12-20 15:21:24', '2022-12-20 15:21:24'),
(2, 5, 86, '2022-12-20 16:26:29', '2022-12-20 16:26:29'),
(3, 3, 372, '2022-12-20 15:05:12', '2022-12-20 15:05:12'),
(4, 3, 396, '2022-12-20 15:07:01', '2022-12-20 15:07:01'),
(5, 4, 416, '2022-12-20 15:22:42', '2022-12-20 15:22:42'),
(6, 4, 437, '2022-12-20 16:28:22', '2022-12-20 16:28:22'),
(7, 4, 419, '2022-12-20 16:30:12', '2022-12-20 16:30:12'),
(8, 1, 394, '2022-12-20 16:34:26', '2022-12-20 16:34:26'),
(9, 4, 516, '2022-12-20 16:38:42', '2022-12-20 16:38:42'),
(10, 1, 455, '2022-12-20 16:44:02', '2022-12-20 16:44:02'),
(11, 1, 366, '2022-12-20 16:45:35', '2022-12-20 16:45:35'),
(12, 2, 380, '2022-12-20 16:48:12', '2022-12-20 16:48:12'),
(13, 2, 498, '2022-12-20 16:54:22', '2022-12-20 16:54:22');

-- --------------------------------------------------------

--
-- Estructura de la taula `tests`
--

CREATE TABLE `tests` (
  `id` bigint(20) UNSIGNED NOT NULL,
  `cont` int(11) NOT NULL,
  `created_at` timestamp NULL DEFAULT NULL,
  `updated_at` timestamp NULL DEFAULT NULL
) ENGINE=InnoDB DEFAULT CHARSET=utf8mb4 COLLATE=utf8mb4_unicode_ci;

-- --------------------------------------------------------

--
-- Estructura de suport per a vistes `userInfo`
-- (mireu a sota per a la visualització real)
--
CREATE TABLE `userInfo` (
`idGame` bigint(20) unsigned
,`puntuacio` int(11)
,`name` varchar(255)
,`userName` varchar(255)
,`status` varchar(255)
);

-- --------------------------------------------------------

--
-- Estructura de la taula `users`
--

CREATE TABLE `users` (
  `id` bigint(20) UNSIGNED NOT NULL,
  `name` varchar(255) COLLATE utf8mb4_unicode_ci NOT NULL,
  `userName` varchar(255) COLLATE utf8mb4_unicode_ci NOT NULL,
  `email` varchar(255) COLLATE utf8mb4_unicode_ci NOT NULL,
  `status` varchar(255) COLLATE utf8mb4_unicode_ci DEFAULT NULL,
  `rupees` int(11) NOT NULL DEFAULT 0,
  `dailyPlayed` tinyint(1) NOT NULL DEFAULT 0,
  `imageUrl` varchar(255) COLLATE utf8mb4_unicode_ci DEFAULT NULL,
  `email_verified_at` timestamp NULL DEFAULT NULL,
  `password` varchar(255) COLLATE utf8mb4_unicode_ci DEFAULT NULL,
  `inGame` int(11) NOT NULL DEFAULT 0,
  `remember_token` varchar(100) COLLATE utf8mb4_unicode_ci DEFAULT NULL,
  `created_at` timestamp NULL DEFAULT NULL,
  `updated_at` timestamp NULL DEFAULT NULL
) ENGINE=InnoDB DEFAULT CHARSET=utf8mb4 COLLATE=utf8mb4_unicode_ci;

--
-- Bolcament de dades per a la taula `users`
--

INSERT INTO `users` (`id`, `name`, `userName`, `email`, `status`, `rupees`, `dailyPlayed`, `imageUrl`, `email_verified_at`, `password`, `inGame`, `remember_token`, `created_at`, `updated_at`) VALUES
(1, 'ausias', 'ausias', 'ausias@ausias.com', NULL, 1215, 0, 'https://avatars.dicebear.com/api/croodles/787946.svg?', NULL, '$2y$10$4PSX04FFcdmlDjP6VI5A..ycIZqTNHq37XP8mGxi8/a0PIjzPwaRW', 0, NULL, '2022-12-20 11:31:10', '2022-12-20 11:31:10'),
(2, 'Pedra', 'pedra', 'pedra@pedra.com', 'I am Pedra!!', 878, 0, 'https://avatars.dicebear.com/api/micah/25851.svg?', NULL, '$2y$10$B7dxDaPmD86a9BOUq5kyfu.NMPI3Xb/UaerXhCHMMxrE9HZbL8UOK', 0, NULL, '2022-12-20 11:39:45', '2022-12-20 11:39:45'),
(3, 'Sergi', 'a21sercan', 'a21sercandia@inspedralbes.cat', 'Hello I\'m the worst player ever.', 768, 1, 'https://avatars.dicebear.com/api/micah/257563.svg?', NULL, '$2y$10$tGAyGfbsaHg5RWh.4je4ae2UEv0mGKuyfhEI2MHRGbQy2uBL8ME9C', 0, NULL, '2022-12-20 11:51:30', '2022-12-20 15:08:52'),
(4, 'Yolanda', 'a21yolmorarr', 'a21yolmorarr@inspedralbes.cat', 'I\'m sleeping right now!!', 1788, 1, 'https://avatars.dicebear.com/api/micah/872633.svg?', NULL, '$2y$10$q/PQhe1.k1FrVhHWvSXLDuhEcQdVwei4Atkmros1c9RKF3k9jbn7i', 0, NULL, '2022-12-20 15:19:31', '2022-12-20 15:21:24'),
(5, 'antonio', 'antonio', 'antonio@gmail.com', NULL, 0, 1, 'https://avatars.dicebear.com/api/bottts/381185.svg?', NULL, '$2y$10$2WNc4sFLdy82Ps2PkMfuMO9vj8xmhoPHDL910Y3w6.AX/2D5ulywC', 0, NULL, '2022-12-20 16:24:50', '2022-12-20 16:26:29');

-- --------------------------------------------------------

--
-- Estructura per a vista `RANKING`
--
DROP TABLE IF EXISTS `RANKING`;

CREATE ALGORITHM=UNDEFINED DEFINER=`a21sercandia_bd`@`localhost` SQL SECURITY DEFINER VIEW `RANKING`  AS   (select sum(`rankings`.`puntuacio`) AS `score`,`rankings`.`idUser` AS `idUser`,`users`.`userName` AS `userName` from ((`rankings` join `users` on(`users`.`id` = `rankings`.`idUser`)) join `games` on(`games`.`id` = `rankings`.`idGame`)) where `games`.`type` = 'normal' group by `users`.`userName` order by `rankings`.`puntuacio` desc)  ;

-- --------------------------------------------------------

--
-- Estructura per a vista `userInfo`
--
DROP TABLE IF EXISTS `userInfo`;

CREATE ALGORITHM=UNDEFINED DEFINER=`a21sercandia_bd`@`localhost` SQL SECURITY DEFINER VIEW `userInfo`  AS   (select `rankings`.`idGame` AS `idGame`,`rankings`.`puntuacio` AS `puntuacio`,`users`.`name` AS `name`,`users`.`userName` AS `userName`,`users`.`status` AS `status` from (`users` join `rankings` on(`rankings`.`idUser` = `users`.`id`)) where `users`.`id` = 1)  ;

--
-- Índexs per a les taules bolcades
--

--
-- Índexs per a la taula `challenges`
--
ALTER TABLE `challenges`
  ADD PRIMARY KEY (`idGame`,`idChallenger`,`idChallenged`),
  ADD KEY `challenges_idchallenger_foreign` (`idChallenger`),
  ADD KEY `challenges_idchallenged_foreign` (`idChallenged`);

--
-- Índexs per a la taula `failed_jobs`
--
ALTER TABLE `failed_jobs`
  ADD PRIMARY KEY (`id`),
  ADD UNIQUE KEY `failed_jobs_uuid_unique` (`uuid`);

--
-- Índexs per a la taula `games`
--
ALTER TABLE `games`
  ADD PRIMARY KEY (`id`);

--
-- Índexs per a la taula `migrations`
--
ALTER TABLE `migrations`
  ADD PRIMARY KEY (`id`);

--
-- Índexs per a la taula `password_resets`
--
ALTER TABLE `password_resets`
  ADD KEY `password_resets_email_index` (`email`);

--
-- Índexs per a la taula `personal_access_tokens`
--
ALTER TABLE `personal_access_tokens`
  ADD PRIMARY KEY (`id`),
  ADD UNIQUE KEY `personal_access_tokens_token_unique` (`token`),
  ADD KEY `personal_access_tokens_tokenable_type_tokenable_id_index` (`tokenable_type`,`tokenable_id`);

--
-- Índexs per a la taula `rankings`
--
ALTER TABLE `rankings`
  ADD PRIMARY KEY (`idGame`,`idUser`),
  ADD KEY `rankings_iduser_foreign` (`idUser`);

--
-- Índexs per a la taula `tests`
--
ALTER TABLE `tests`
  ADD PRIMARY KEY (`id`);

--
-- Índexs per a la taula `users`
--
ALTER TABLE `users`
  ADD PRIMARY KEY (`id`),
  ADD UNIQUE KEY `users_email_unique` (`email`);

--
-- AUTO_INCREMENT per les taules bolcades
--

--
-- AUTO_INCREMENT per la taula `failed_jobs`
--
ALTER TABLE `failed_jobs`
  MODIFY `id` bigint(20) UNSIGNED NOT NULL AUTO_INCREMENT;

--
-- AUTO_INCREMENT per la taula `games`
--
ALTER TABLE `games`
  MODIFY `id` bigint(20) UNSIGNED NOT NULL AUTO_INCREMENT, AUTO_INCREMENT=14;

--
-- AUTO_INCREMENT per la taula `migrations`
--
ALTER TABLE `migrations`
  MODIFY `id` int(10) UNSIGNED NOT NULL AUTO_INCREMENT, AUTO_INCREMENT=268;

--
-- AUTO_INCREMENT per la taula `personal_access_tokens`
--
ALTER TABLE `personal_access_tokens`
  MODIFY `id` bigint(20) UNSIGNED NOT NULL AUTO_INCREMENT, AUTO_INCREMENT=10;

--
-- AUTO_INCREMENT per la taula `tests`
--
ALTER TABLE `tests`
  MODIFY `id` bigint(20) UNSIGNED NOT NULL AUTO_INCREMENT;

--
-- AUTO_INCREMENT per la taula `users`
--
ALTER TABLE `users`
  MODIFY `id` bigint(20) UNSIGNED NOT NULL AUTO_INCREMENT, AUTO_INCREMENT=6;

--
-- Restriccions per a les taules bolcades
--

--
-- Restriccions per a la taula `challenges`
--
ALTER TABLE `challenges`
  ADD CONSTRAINT `challenges_idchallenged_foreign` FOREIGN KEY (`idChallenged`) REFERENCES `users` (`id`) ON DELETE CASCADE,
  ADD CONSTRAINT `challenges_idchallenger_foreign` FOREIGN KEY (`idChallenger`) REFERENCES `users` (`id`) ON DELETE CASCADE,
  ADD CONSTRAINT `challenges_idgame_foreign` FOREIGN KEY (`idGame`) REFERENCES `games` (`id`) ON DELETE CASCADE;

--
-- Restriccions per a la taula `rankings`
--
ALTER TABLE `rankings`
  ADD CONSTRAINT `rankings_idgame_foreign` FOREIGN KEY (`idGame`) REFERENCES `games` (`id`) ON DELETE CASCADE,
  ADD CONSTRAINT `rankings_iduser_foreign` FOREIGN KEY (`idUser`) REFERENCES `users` (`id`) ON DELETE CASCADE;
COMMIT;

/*!40101 SET CHARACTER_SET_CLIENT=@OLD_CHARACTER_SET_CLIENT */;
/*!40101 SET CHARACTER_SET_RESULTS=@OLD_CHARACTER_SET_RESULTS */;
/*!40101 SET COLLATION_CONNECTION=@OLD_COLLATION_CONNECTION */;
